-- MySQL dump 10.13  Distrib 5.5.55, for debian-linux-gnu (x86_64)
--
-- Host: localhost    Database: tfb_portal
-- ------------------------------------------------------
-- Server version	5.5.55-0ubuntu0.14.04.1

/*!40101 SET @OLD_CHARACTER_SET_CLIENT=@@CHARACTER_SET_CLIENT */;
/*!40101 SET @OLD_CHARACTER_SET_RESULTS=@@CHARACTER_SET_RESULTS */;
/*!40101 SET @OLD_COLLATION_CONNECTION=@@COLLATION_CONNECTION */;
/*!40101 SET NAMES utf8 */;
/*!40103 SET @OLD_TIME_ZONE=@@TIME_ZONE */;
/*!40103 SET TIME_ZONE='+00:00' */;
/*!40014 SET @OLD_UNIQUE_CHECKS=@@UNIQUE_CHECKS, UNIQUE_CHECKS=0 */;
/*!40014 SET @OLD_FOREIGN_KEY_CHECKS=@@FOREIGN_KEY_CHECKS, FOREIGN_KEY_CHECKS=0 */;
/*!40101 SET @OLD_SQL_MODE=@@SQL_MODE, SQL_MODE='NO_AUTO_VALUE_ON_ZERO' */;
/*!40111 SET @OLD_SQL_NOTES=@@SQL_NOTES, SQL_NOTES=0 */;

--
-- Current Database: `tfb_portal`
--

CREATE DATABASE /*!32312 IF NOT EXISTS*/ `tfb_portal` /*!40100 DEFAULT CHARACTER SET utf8 */;

USE `tfb_portal`;

--
-- Table structure for table `block_article`
--

DROP TABLE IF EXISTS `block_article`;
/*!40101 SET @saved_cs_client     = @@character_set_client */;
/*!40101 SET character_set_client = utf8 */;
CREATE TABLE `block_article` (
  `id` char(13) NOT NULL,
  `title` varchar(500) NOT NULL,
  `content` text NOT NULL,
  `user_id` char(13) NOT NULL,
  `created_at` timestamp NOT NULL DEFAULT CURRENT_TIMESTAMP,
  `updated_at` timestamp NOT NULL DEFAULT '0000-00-00 00:00:00',
  `deleted_at` timestamp NOT NULL DEFAULT '0000-00-00 00:00:00',
  PRIMARY KEY (`id`)
) ENGINE=InnoDB DEFAULT CHARSET=utf8;
/*!40101 SET character_set_client = @saved_cs_client */;

--
-- Dumping data for table `block_article`
--

LOCK TABLES `block_article` WRITE;
/*!40000 ALTER TABLE `block_article` DISABLE KEYS */;
/*!40000 ALTER TABLE `block_article` ENABLE KEYS */;
UNLOCK TABLES;

--
-- Table structure for table `block_poll`
--

DROP TABLE IF EXISTS `block_poll`;
/*!40101 SET @saved_cs_client     = @@character_set_client */;
/*!40101 SET character_set_client = utf8 */;
CREATE TABLE `block_poll` (
  `id` char(13) NOT NULL,
  `question` varchar(500) NOT NULL,
  `user_id` char(13) NOT NULL,
  `created_at` timestamp NOT NULL DEFAULT CURRENT_TIMESTAMP ON UPDATE CURRENT_TIMESTAMP,
  `updated_at` timestamp NOT NULL DEFAULT '0000-00-00 00:00:00',
  `deleted_at` timestamp NOT NULL DEFAULT '0000-00-00 00:00:00',
  PRIMARY KEY (`id`),
  UNIQUE KEY `id` (`id`)
) ENGINE=InnoDB DEFAULT CHARSET=utf8;
/*!40101 SET character_set_client = @saved_cs_client */;

--
-- Dumping data for table `block_poll`
--

LOCK TABLES `block_poll` WRITE;
/*!40000 ALTER TABLE `block_poll` DISABLE KEYS */;
/*!40000 ALTER TABLE `block_poll` ENABLE KEYS */;
UNLOCK TABLES;

--
-- Table structure for table `block_poll_answer`
--

DROP TABLE IF EXISTS `block_poll_answer`;
/*!40101 SET @saved_cs_client     = @@character_set_client */;
/*!40101 SET character_set_client = utf8 */;
CREATE TABLE `block_poll_answer` (
  `id` char(13) NOT NULL,
  `entity_id` char(13) NOT NULL,
  `content` varchar(500) NOT NULL,
  `count` int(11) NOT NULL,
  PRIMARY KEY (`id`)
) ENGINE=InnoDB DEFAULT CHARSET=utf8;
/*!40101 SET character_set_client = @saved_cs_client */;

--
-- Dumping data for table `block_poll_answer`
--

LOCK TABLES `block_poll_answer` WRITE;
/*!40000 ALTER TABLE `block_poll_answer` DISABLE KEYS */;
/*!40000 ALTER TABLE `block_poll_answer` ENABLE KEYS */;
UNLOCK TABLES;

--
-- Table structure for table `block_poll_answer_stat`
--

DROP TABLE IF EXISTS `block_poll_answer_stat`;
/*!40101 SET @saved_cs_client     = @@character_set_client */;
/*!40101 SET character_set_client = utf8 */;
CREATE TABLE `block_poll_answer_stat` (
  `user_id` char(13) NOT NULL,
  `entity_id` char(13) NOT NULL,
  `answer_id` int(11) NOT NULL,
  `created_at` timestamp NOT NULL DEFAULT CURRENT_TIMESTAMP ON UPDATE CURRENT_TIMESTAMP,
  `updated_at` timestamp NOT NULL DEFAULT '0000-00-00 00:00:00',
  `deleted_at` timestamp NOT NULL DEFAULT '0000-00-00 00:00:00'
) ENGINE=InnoDB DEFAULT CHARSET=utf8;
/*!40101 SET character_set_client = @saved_cs_client */;

--
-- Dumping data for table `block_poll_answer_stat`
--

LOCK TABLES `block_poll_answer_stat` WRITE;
/*!40000 ALTER TABLE `block_poll_answer_stat` DISABLE KEYS */;
/*!40000 ALTER TABLE `block_poll_answer_stat` ENABLE KEYS */;
UNLOCK TABLES;

--
-- Table structure for table `block_post`
--

DROP TABLE IF EXISTS `block_post`;
/*!40101 SET @saved_cs_client     = @@character_set_client */;
/*!40101 SET character_set_client = utf8 */;
CREATE TABLE `block_post` (
  `id` char(13) NOT NULL,
  `content` text NOT NULL,
  `user_id` char(13) NOT NULL,
  `created_at` timestamp NOT NULL DEFAULT CURRENT_TIMESTAMP ON UPDATE CURRENT_TIMESTAMP,
  `updated_at` timestamp NOT NULL DEFAULT '0000-00-00 00:00:00',
  `deleted_at` timestamp NOT NULL DEFAULT '0000-00-00 00:00:00',
  PRIMARY KEY (`id`)
) ENGINE=InnoDB DEFAULT CHARSET=utf8;
/*!40101 SET character_set_client = @saved_cs_client */;

--
-- Dumping data for table `block_post`
--

LOCK TABLES `block_post` WRITE;
/*!40000 ALTER TABLE `block_post` DISABLE KEYS */;
/*!40000 ALTER TABLE `block_post` ENABLE KEYS */;
UNLOCK TABLES;

--
-- Table structure for table `block_video`
--

DROP TABLE IF EXISTS `block_video`;
/*!40101 SET @saved_cs_client     = @@character_set_client */;
/*!40101 SET character_set_client = utf8 */;
CREATE TABLE `block_video` (
  `id` char(13) NOT NULL,
  `title` varchar(500) NOT NULL,
  `content` text NOT NULL,
  `user_id` char(13) NOT NULL,
  `publication` timestamp NOT NULL DEFAULT CURRENT_TIMESTAMP ON UPDATE CURRENT_TIMESTAMP,
  PRIMARY KEY (`id`)
) ENGINE=InnoDB DEFAULT CHARSET=utf8;
/*!40101 SET character_set_client = @saved_cs_client */;

--
-- Dumping data for table `block_video`
--

LOCK TABLES `block_video` WRITE;
/*!40000 ALTER TABLE `block_video` DISABLE KEYS */;
/*!40000 ALTER TABLE `block_video` ENABLE KEYS */;
UNLOCK TABLES;

--
-- Table structure for table `collection_area`
--

DROP TABLE IF EXISTS `collection_area`;
/*!40101 SET @saved_cs_client     = @@character_set_client */;
/*!40101 SET character_set_client = utf8 */;
CREATE TABLE `collection_area` (
  `id` int(11) NOT NULL AUTO_INCREMENT,
  `title` varchar(200) NOT NULL,
  PRIMARY KEY (`id`)
) ENGINE=InnoDB AUTO_INCREMENT=29 DEFAULT CHARSET=utf8;
/*!40101 SET character_set_client = @saved_cs_client */;

--
-- Dumping data for table `collection_area`
--

LOCK TABLES `collection_area` WRITE;
/*!40000 ALTER TABLE `collection_area` DISABLE KEYS */;
INSERT INTO `collection_area` VALUES (1,'Благоевград'),(2,'Бургас'),(3,'Варна'),(4,'Велико Търново'),(5,'Видин'),(6,'Враца'),(7,'Габрово'),(8,'Добрич'),(9,'Кърджали'),(10,'Кюстендил'),(11,'Ловеч'),(12,'Монтана'),(13,'Пазарджик'),(14,'Перник'),(15,'Плевен'),(16,'Пловдив'),(17,'Разград'),(18,'Русе'),(19,'Силистра'),(20,'Сливен'),(21,'Смолян'),(22,'София-град'),(23,'София-област'),(24,'Стара Загора'),(25,'Търговище'),(26,'Хасково'),(27,'Шумен'),(28,'Ямбол');
/*!40000 ALTER TABLE `collection_area` ENABLE KEYS */;
UNLOCK TABLES;

--
-- Table structure for table `collection_city`
--

DROP TABLE IF EXISTS `collection_city`;
/*!40101 SET @saved_cs_client     = @@character_set_client */;
/*!40101 SET character_set_client = utf8 */;
CREATE TABLE `collection_city` (
  `id` int(11) NOT NULL AUTO_INCREMENT,
  `municipality_id` int(11) NOT NULL,
  `title` varchar(200) NOT NULL,
  PRIMARY KEY (`id`),
  KEY `area_id` (`municipality_id`)
) ENGINE=InnoDB AUTO_INCREMENT=1229 DEFAULT CHARSET=utf8;
/*!40101 SET character_set_client = @saved_cs_client */;

--
-- Dumping data for table `collection_city`
--

LOCK TABLES `collection_city` WRITE;
/*!40000 ALTER TABLE `collection_city` DISABLE KEYS */;
INSERT INTO `collection_city` VALUES (1,3,'Благоевград'),(2,4,'Гоце Делчев'),(3,1,'Банско'),(4,7,'Петрич'),(5,8,'Разлог'),(6,8,'Добърско'),(7,9,'Сандански'),(8,2,'Краище'),(9,2,'Дагоново'),(10,6,'Кресна'),(11,1,'Добринище'),(12,14,'Бел камен'),(13,14,'Смолево'),(14,14,'Якоруда'),(15,14,'Конарско'),(16,14,'Юруково'),(17,13,'Хаджидимово'),(18,13,'Копривлен'),(19,13,'Абланица'),(20,13,'Блатска'),(21,13,'Беслен'),(22,12,'Микрево'),(23,10,'Вълкосел'),(24,10,'Боголин'),(25,10,'Слащен'),(26,10,'Годешево'),(27,10,'Туховища'),(28,10,'Сатовча'),(29,10,'Крибул'),(30,10,'Фъргово'),(31,10,'Осина'),(32,10,'Плетена'),(33,10,'Кочан'),(34,10,'Жижево'),(35,10,'Ваклиново'),(36,10,'Долен'),(37,11,'Крупник'),(38,11,'Долно Осеново'),(39,5,'Гърмен'),(40,1,'Места'),(41,5,'Рибново'),(42,5,'Огняново'),(43,5,'Дебрен'),(44,5,'Горно Дряново'),(45,5,'Долно Дряново'),(46,5,'Хвостяне'),(47,5,'Дъбница'),(48,11,'Симитли'),(49,4,'Брезница'),(50,4,'Мусомища'),(51,4,'Борово'),(52,4,'Буково'),(53,4,'Баничан'),(54,4,'Лъжница'),(55,4,'Корница'),(56,8,'Баня'),(57,8,'Бачево'),(58,8,'Горно Драглище'),(59,8,'Елешница'),(60,8,'Долно Драглище'),(61,7,'Коларово'),(62,7,'Първомай'),(63,7,'Скрът'),(64,7,'Габрене'),(65,7,'Самуилово'),(66,7,'Ключ'),(67,7,'Михнево'),(68,7,'Рупите'),(69,7,'Марикостиново'),(70,7,'Кулата'),(71,7,'Яворница'),(72,7,'Беласица'),(73,7,'Кавракирово'),(74,7,'Кърналово'),(75,9,'Склаве'),(76,9,'Дамяница'),(77,9,'Катунци'),(78,9,'Поленица'),(79,2,'Белица'),(80,2,'Горно Краище'),(81,2,'Бабяк'),(82,16,'Бургас'),(83,15,'Айтос'),(84,15,'Карагеоргиево'),(85,15,'Мъглен'),(86,15,'Пирне'),(87,15,'Тополица'),(88,16,'Рудник'),(89,16,'Българово'),(90,16,'Черно море'),(91,16,'Банево'),(92,16,'Ветрен'),(93,16,'Маринка'),(94,16,'Равнец'),(95,17,'Кръстина'),(96,17,'Русокастро'),(97,17,'Трояново'),(98,17,'Камено'),(99,18,'Карнобат'),(100,18,'Екзарх Антимово'),(101,18,'Кликач'),(102,27,'Царево'),(103,18,'Соколово'),(104,19,'Малко Търново'),(105,20,'Обзор'),(106,20,'Гюльовца'),(107,20,'Кошарица'),(108,20,'Оризаре'),(109,20,'Равда'),(110,20,'Свети Влас'),(111,20,'Тънково'),(112,20,'Несебър'),(113,21,'Габерово'),(114,21,'Каблешково'),(115,21,'Поморие'),(116,21,'Ахелой'),(117,21,'Бата'),(118,21,'Горица'),(119,21,'Гълъбец'),(120,21,'Дъбник'),(121,21,'Порой'),(122,21,'Страцин'),(123,22,'Ново Паничарево'),(124,22,'Китен'),(125,22,'Приморско'),(126,23,'Ябълчево'),(127,23,'Вресово'),(128,23,'Добра поляна'),(129,23,'Добромир'),(130,23,'Дъскотна'),(131,23,'Зайчар'),(132,23,'Планиница'),(133,23,'Просеник'),(134,23,'Разбойна'),(135,23,'Речица'),(136,23,'Ръжица'),(137,23,'Сини рид'),(138,23,'Скалак'),(139,23,'Снягово'),(140,23,'Струя'),(141,23,'Топчийско'),(142,23,'Трънак'),(143,23,'Череша'),(144,23,'Люляково'),(145,23,'Руен'),(146,24,'Атия'),(147,24,'Зидарово'),(148,24,'Крушевец'),(149,24,'Равна гора'),(150,24,'Росен'),(151,24,'Черноморец'),(152,24,'Созопол'),(153,25,'Дебелт'),(154,25,'Загорци'),(155,25,'Факия'),(156,25,'Средец'),(157,26,'Грозден'),(158,26,'Лозарево'),(159,26,'Манолич'),(160,26,'Прилеп'),(161,26,'Съединение'),(162,26,'Сунгурларе'),(163,27,'Ахтопол'),(164,32,'Варна'),(165,32,'Каменар'),(166,32,'Тополи'),(167,35,'Девня'),(168,36,'Долни чифлик'),(169,36,'Венелин'),(170,36,'Голица'),(171,36,'Горен чифлик'),(172,36,'Гроздьово'),(173,36,'Пчелник'),(174,36,'Старо Оряхово'),(175,36,'Шкорпиловци'),(176,37,'Дългопол'),(177,37,'Лопушна'),(178,37,'Медовец'),(179,37,'Партизани'),(180,37,'Поляците'),(181,37,'Цонево'),(182,38,'Провадия'),(183,38,'Блъсково'),(184,38,'Бозвелийско'),(185,38,'Градинарово'),(186,38,'Житница'),(187,38,'Славейково'),(188,38,'Снежина'),(189,38,'Кривня'),(190,39,'Суворово'),(191,39,'Николаевка'),(192,39,'Чернево'),(193,28,'Аврен'),(194,28,'Дъбравино'),(195,28,'Приселци'),(196,28,'Синдел'),(197,28,'Тръстиково'),(198,28,'Царевци'),(199,29,'Аксаково'),(200,29,'Въглен'),(201,29,'Игнатиево'),(202,29,'Изворско'),(203,29,'Кичево'),(204,29,'Любен Каравелово'),(205,30,'Белослав'),(206,30,'Езерово'),(207,32,'Константиново'),(208,31,'Бяла'),(209,33,'Ветрино'),(210,34,'Вълчи дол'),(211,34,'Стефан Караджа'),(212,34,'Михалич'),(213,34,'Червенци'),(214,40,'Велико Търново'),(215,40,'Леденик'),(216,40,'Дебелец'),(217,40,'Балван'),(218,40,'Ресен'),(219,40,'Водолей'),(220,40,'Самоводене'),(221,40,'Церова кория'),(222,40,'Килифарево'),(223,40,'Ново село'),(224,41,'Горна Оряховица'),(225,41,'Първомайци'),(226,41,'Долна Оряховица'),(227,41,'Писарево'),(228,41,'Върбица'),(229,41,'Драганово'),(230,41,'Поликраище'),(231,41,'Крушето'),(232,42,'Елена'),(233,42,'Беброво'),(234,42,'Константин'),(235,42,'Майско'),(236,43,'Горско ново село'),(237,43,'Средно село'),(238,47,'Българско Сливово'),(239,43,'Златарица'),(240,44,'Лясковец'),(241,44,'Джулюница'),(242,45,'Павликени'),(243,45,'Бяла черква'),(244,45,'Върбовка'),(245,45,'Караисен'),(246,45,'Батак'),(247,45,'Михалци'),(248,45,'Стамболово'),(249,45,'Недан'),(250,46,'Орловец'),(251,46,'Раданово'),(252,46,'Петко Каравелово'),(253,46,'Куцина'),(254,46,'Страхилово'),(255,46,'Полски Тръмбеш'),(256,47,'Свищов'),(257,47,'Алеково'),(258,47,'Вардим'),(259,47,'Козловец'),(260,47,'Морава'),(261,47,'Овча могила'),(262,47,'Ореш'),(263,48,'Царски извор'),(264,48,'Асеново'),(265,48,'Виноград'),(266,48,'Камен'),(267,48,'Сушица'),(268,48,'Кесарево'),(269,48,'Стражица'),(270,49,'Сухиндол'),(271,51,'Бойница'),(272,51,'Раброво'),(273,52,'Брегово'),(274,54,'Грамада'),(275,55,'Димово'),(276,55,'Арчар'),(277,55,'Орешец'),(278,56,'Кула'),(279,57,'Раковица'),(280,58,'Ново село'),(281,59,'Ружинци'),(282,59,'Дреновец'),(283,59,'Бело поле'),(284,60,'Чупрене'),(285,60,'Горни Лом'),(286,53,'Видин'),(287,53,'Дунавци'),(288,50,'Белоградчик'),(289,50,'Рабиша'),(290,62,'Габаре'),(291,62,'Бяла Слатина'),(292,68,'Оряхово'),(293,66,'Лик'),(294,66,'Моравица'),(295,69,'Кунино'),(296,63,'Враца'),(297,69,'Роман'),(298,62,'Търнава'),(299,62,'Търнак'),(300,63,'Тишевица'),(301,64,'Козлодуй'),(302,68,'Остров'),(303,61,'Добролево'),(304,61,'Малорад'),(305,61,'Борован'),(306,62,'Попица'),(307,63,'Девене'),(308,63,'Паволче'),(309,63,'Баница'),(310,64,'Бутан'),(311,64,'Хърлец'),(312,64,'Гложене'),(313,65,'Краводер'),(314,65,'Лесура'),(315,65,'Пудрия'),(316,65,'Ракево'),(317,66,'Мездра'),(318,66,'Елисейна'),(319,67,'Крушовица'),(320,67,'Мизия'),(321,67,'Софрониево'),(322,68,'Селановци'),(323,69,'Камено поле'),(324,70,'Манастирище'),(325,70,'Михайлово'),(326,70,'Рогозен'),(327,62,'Галиче'),(328,65,'Криводол'),(329,66,'Зверино'),(330,70,'Хайредин'),(331,74,'Трявна'),(332,71,'Габрово'),(333,73,'Добромирка'),(334,73,'Душево'),(335,73,'Градница'),(336,73,'Крамолин'),(337,73,'Петко Славейков'),(338,73,'Ряховците'),(339,72,'Гостилица'),(340,72,'Дряново'),(341,72,'Керека'),(342,73,'Севлиево'),(343,73,'Шумата'),(344,74,'Плачковци'),(345,77,'Добрич'),(346,78,'Плачидол'),(347,78,'Лясково'),(348,78,'Фелдфебел Денково'),(349,78,'Черна'),(350,78,'Божурово'),(351,78,'Хитово'),(352,78,'Бенковски'),(353,78,'Паскалево'),(354,78,'Победа'),(355,78,'Карапелит'),(356,78,'Ловчанци'),(357,78,'Батово'),(358,78,'Овчарово'),(359,78,'Стефаново'),(360,78,'Смолница'),(361,78,'Ведрина'),(362,78,'Дончево'),(363,78,'Стефан Караджа'),(364,78,'Житница'),(365,78,'Владимирово'),(366,78,'Стожер'),(367,75,'Соколово'),(368,75,'Сенокос'),(369,75,'Балчик'),(370,75,'Оброчище'),(371,76,'Спасово'),(372,76,'Преселенци'),(373,76,'Красен'),(374,76,'Кардам'),(375,76,'Генерал Тошево'),(376,79,'Каварна'),(377,79,'Септемврийци'),(378,79,'Българево'),(379,79,'Белгун'),(380,80,'Коритен'),(381,80,'Телериг'),(382,80,'Лозенец'),(383,80,'Крушари'),(384,81,'Тервел'),(385,81,'Каблешково'),(386,81,'Коларци'),(387,81,'Нова Камена'),(388,81,'Безмер'),(389,81,'Зърнево'),(390,81,'Орляк'),(391,82,'Дуранкулак'),(392,82,'Шабла'),(393,75,'Кранево'),(394,88,'Нановица'),(395,88,'Равен'),(396,89,'Черноочене'),(397,89,'Бели вир'),(398,89,'Габрово'),(399,89,'Житница'),(400,89,'Комунига'),(401,89,'Лясково'),(402,89,'Паничково'),(403,87,'Рани лист'),(404,87,'Стремци'),(405,87,'Чифлик'),(406,87,'Широко поле'),(407,83,'Ардино'),(408,83,'Бял извор'),(409,83,'Боровица'),(410,83,'Горно Прахово'),(411,83,'Жълтуша'),(412,83,'Падина'),(413,84,'Джебел'),(414,84,'Генерал Гешево'),(415,84,'Мишевско'),(416,84,'Рогозче'),(417,84,'Устрен'),(418,84,'Припек'),(419,85,'Кирково'),(420,85,'Бенковски'),(421,85,'Чорбаджийско'),(422,85,'Дрангово'),(423,85,'Старово'),(424,85,'Тихомир'),(425,85,'Чакаларово'),(426,85,'Фотиново'),(427,86,'Крумовград'),(428,86,'Аврен'),(429,86,'Егрек'),(430,86,'Горна кула'),(431,86,'Гулийка'),(432,86,'Токачка'),(433,86,'Луличка'),(434,86,'Подрумче'),(435,86,'Поточница'),(436,86,'Странджево'),(437,86,'Звънарка'),(438,88,'Момчилград'),(439,88,'Груево'),(440,88,'Звездел'),(441,87,'Кърджали'),(442,87,'Бойно'),(443,87,'Глухар'),(444,87,'Енчец'),(445,87,'Костино'),(446,87,'Конево'),(447,87,'Миладиново'),(448,87,'Мост'),(449,87,'Ненково'),(450,87,'Перперек'),(451,94,'Кюстендил'),(452,95,'Невестино'),(453,98,'Трекляно'),(454,97,'Сапарева баня'),(455,90,'Бобов дол'),(456,91,'Бобошево'),(457,93,'Кочериново'),(458,93,'Стоб'),(459,96,'Рила'),(460,92,'Дупница'),(461,92,'Бистрица'),(462,92,'Джерман'),(463,92,'Крайници'),(464,92,'Самораново'),(465,92,'Червен брег'),(466,92,'Яхиново'),(467,94,'Раждавица'),(468,106,'Орешене'),(469,104,'Троян'),(470,99,'Априлци'),(471,100,'Летница'),(472,101,'Ловеч'),(473,101,'Малиново'),(474,101,'Александрово'),(475,102,'Луковит'),(476,102,'Бежаново'),(477,102,'Дерманци'),(478,102,'Румянцево'),(479,102,'Торос'),(480,103,'Български извор'),(481,103,'Галата'),(482,103,'Глогово'),(483,103,'Гложене'),(484,103,'Голям извор'),(485,103,'Градежница'),(486,103,'Рибарица'),(487,103,'Черни Вит'),(488,103,'Тетевен'),(489,103,'Бабинци'),(490,104,'Борима'),(491,104,'Врабево'),(492,104,'Дебнево'),(493,104,'Орешак'),(494,104,'Черни Осъм'),(495,104,'Шипково'),(496,105,'Кирчево'),(497,105,'Лесидрен'),(498,105,'Угърчин'),(499,106,'Брестница'),(500,106,'Златна Панега'),(501,106,'Ябланица'),(502,115,'Монтана'),(503,115,'Смоляновци'),(504,115,'Доктор Йосифово'),(505,107,'Берковица'),(506,108,'Мадан'),(507,109,'Брусарци'),(508,112,'Георги Дамяново'),(509,113,'Лом'),(510,113,'Сталийска махала'),(511,115,'Габровница'),(512,116,'Чипровци'),(513,117,'Якимово'),(514,117,'Комощица'),(515,107,'Бързия'),(516,107,'Замфирово'),(517,108,'Владимирово'),(518,108,'Бойчиновци'),(519,108,'Лехчево'),(520,108,'Громшин'),(521,108,'Мърчево'),(522,109,'Крива бара'),(523,109,'Василовци'),(524,114,'Медковец'),(525,114,'Расово'),(526,110,'Вълчедръм'),(527,110,'Долни Цибър'),(528,110,'Златия'),(529,110,'Септемврийци'),(530,111,'Вършец'),(531,113,'Замфир'),(532,113,'Ковачица'),(533,125,'Пещера'),(534,126,'Костандово'),(535,121,'Сърница'),(536,123,'Црънча'),(537,123,'Пазарджик'),(538,120,'Брацигово'),(539,124,'Панагюрище'),(540,126,'Ракитово'),(541,127,'Ветрен дол'),(542,127,'Ветрен'),(543,123,'Братаница'),(544,123,'Звъничево'),(545,123,'Паталеница'),(546,123,'Мало Конаре'),(547,123,'Овчеполци'),(548,123,'Мокрище'),(549,123,'Ивайло'),(550,123,'Пищигово'),(551,121,'Света Петка'),(552,123,'Алеко Константиново'),(553,123,'Росен'),(554,123,'Черногорово'),(555,121,'Велинград'),(556,118,'Батак'),(557,123,'Синитово'),(558,123,'Гелеменово'),(559,127,'Септември'),(560,123,'Главиница'),(561,123,'Юнаците'),(562,119,'Мененкьово'),(563,119,'Момина клисура'),(564,119,'Белово'),(565,128,'Стрелча'),(566,121,'Грашево'),(567,121,'Пашови'),(568,127,'Злокучене'),(569,121,'Биркова'),(570,121,'Кръстава'),(571,127,'Варвара'),(572,127,'Ковачево'),(573,127,'Лозен'),(574,127,'Семчиново'),(575,127,'Симеоновец'),(576,121,'Драгиново'),(577,123,'Величково'),(578,127,'Виноградец'),(579,123,'Сарая'),(580,127,'Карабунар'),(581,120,'Бяга'),(582,120,'Исперихово'),(583,122,'Калугерово'),(584,122,'Лесичово'),(585,123,'Говедаре'),(586,123,'Огняново'),(587,123,'Хаджиево'),(588,125,'Радилово'),(589,124,'Попинци'),(590,126,'Дорково'),(591,121,'Медени поляни'),(592,118,'Фотиново'),(593,121,'Абланица'),(594,122,'Церово'),(595,121,'Побит камък'),(596,124,'Поибрене'),(597,119,'Сестримо'),(598,122,'Динката'),(599,118,'Нова махала'),(600,129,'Ноевци'),(601,132,'Перник'),(602,132,'Батановци'),(603,132,'Рударци'),(604,133,'Радомир'),(605,129,'Брезник'),(606,130,'Земен'),(607,131,'Калище'),(608,132,'Студена'),(609,132,'Кладница'),(610,132,'Дивотино'),(611,132,'Ярджиловци'),(612,132,'Драгичево'),(613,133,'Извор'),(614,133,'Гълъбник'),(615,133,'Дрен'),(616,134,'Трън'),(617,143,'Плевен'),(618,145,'Червен бряг'),(619,145,'Чомаковци'),(620,144,'Одърне'),(621,144,'Вълчитрън'),(622,144,'Пордим'),(623,144,'Тотлебен'),(624,139,'Долни Луковит'),(625,139,'Писарово'),(626,139,'Староселци'),(627,139,'Искър'),(628,138,'Долни Дъбник'),(629,138,'Крушовица'),(630,138,'Садовец'),(631,138,'Петърница'),(632,138,'Горни Дъбник'),(633,138,'Градина'),(634,141,'Левски'),(635,141,'Асеновци'),(636,141,'Българене'),(637,141,'Малчика'),(638,141,'Обнова'),(639,135,'Белене'),(640,135,'Деков'),(641,136,'Милковица'),(642,136,'Гулянци'),(643,136,'Гиген'),(644,137,'Божурица'),(645,137,'Горна Митрополия'),(646,137,'Комарево'),(647,137,'Крушовене'),(648,137,'Ореховица'),(649,137,'Ставерци'),(650,137,'Долна Митрополия'),(651,137,'Тръстеник'),(652,137,'Подем'),(653,142,'Новачене'),(654,142,'Никопол'),(655,140,'Кнежа'),(656,140,'Бреница'),(657,140,'Еница'),(658,136,'Брест'),(659,145,'Глава'),(660,145,'Рупци'),(661,145,'Радомирци'),(662,145,'Реселец'),(663,145,'Койнаре'),(664,143,'Славяново'),(665,143,'Върбица'),(666,143,'Дисевица'),(667,143,'Мечка'),(668,143,'Опанец'),(669,143,'Буковлък'),(670,143,'Беглеж'),(671,143,'Николаево'),(672,143,'Ясен'),(673,143,'Пелишат'),(674,143,'Бохот'),(675,143,'Търнене'),(676,143,'Бръшляница'),(677,159,'Караджово'),(678,146,'Златовръх'),(679,148,'Песнопой'),(680,148,'Житница'),(681,160,'Сопот'),(682,153,'Царацово'),(683,153,'Труд'),(684,156,'Първомай'),(685,156,'Градина'),(686,156,'Искра'),(687,156,'Езерово'),(688,157,'Раковски'),(689,157,'Чалъкови'),(690,157,'Шишманци'),(691,157,'Белозем'),(692,158,'Белащица'),(693,158,'Първенец'),(694,158,'Брестник'),(695,158,'Брестовица'),(696,158,'Кадиево'),(697,158,'Марково'),(698,158,'Устина'),(699,158,'Цалапица'),(700,158,'Крумово'),(701,159,'Катуница'),(702,159,'Садово'),(703,159,'Чешнегирово'),(704,159,'Поповица'),(705,159,'Богданица'),(706,159,'Болярци'),(707,161,'Йоаким Груево'),(708,163,'Красново'),(709,155,'Пловдив'),(710,156,'Буково'),(711,157,'Стряма'),(712,158,'Браниполе'),(713,161,'Куртово Конаре'),(714,161,'Ново село'),(715,161,'Стамболийски'),(716,161,'Триводици'),(717,163,'Паничери'),(718,163,'Хисаря'),(719,146,'Асеновград'),(720,146,'Боянци'),(721,146,'Конуш'),(722,146,'Мулдава'),(723,146,'Тополово'),(724,149,'Клисура'),(725,147,'Пъдарско'),(726,147,'Стрелци'),(727,147,'Борец'),(728,147,'Брезово'),(729,151,'Куклен'),(730,148,'Калояново'),(731,148,'Дълго поле'),(732,148,'Ръжево Конаре'),(733,149,'Карлово'),(734,149,'Калофер'),(735,149,'Розино'),(736,149,'Кърнаре'),(737,149,'Ведраре'),(738,149,'Баня'),(739,149,'Христо Даново'),(740,149,'Иганово'),(741,150,'Кричим'),(742,152,'Лъки'),(743,153,'Динк'),(744,153,'Скутаре'),(745,153,'Войводиново'),(746,153,'Бенковски'),(747,153,'Граф Игнатиево'),(748,153,'Строево'),(749,153,'Костиево'),(750,153,'Маноле'),(751,153,'Калековец'),(752,153,'Рогош'),(753,153,'Войсил'),(754,156,'Дълбок извор'),(755,156,'Виница'),(756,156,'Бяла река'),(757,156,'Воден'),(758,154,'Перущица'),(759,158,'Ягодово'),(760,162,'Съединение'),(761,156,'Караджалово'),(762,164,'Завет'),(763,164,'Брестовене'),(764,164,'Острово'),(765,164,'Веселец'),(766,164,'Сушево'),(767,165,'Исперих'),(768,165,'Лъвино'),(769,165,'Вазово'),(770,165,'Йонково'),(771,165,'Китанчево'),(772,165,'Лудогорци'),(773,165,'Подайва'),(774,165,'Свещари'),(775,165,'Тодорово'),(776,166,'Кубрат'),(777,166,'Беловец'),(778,166,'Севар'),(779,166,'Юпер'),(780,166,'Бисерци'),(781,166,'Сеслав'),(782,166,'Равно'),(783,167,'Лозница'),(784,167,'Сейдол'),(785,167,'Бели Лом'),(786,167,'Веселина'),(787,167,'Гороцвет'),(788,167,'Трапище'),(789,168,'Разград'),(790,168,'Осенец'),(791,168,'Раковски'),(792,168,'Дянково'),(793,168,'Ясеновец'),(794,168,'Киченица'),(795,168,'Стражец'),(796,169,'Самуил'),(797,169,'Хърсово'),(798,169,'Владимировци'),(799,169,'Желязковец'),(800,170,'Цар Калоян'),(801,170,'Езерче'),(802,175,'Русе'),(803,177,'Новград'),(804,177,'Долна Студена'),(805,171,'Борово'),(806,171,'Горно Абланово'),(807,171,'Обретеник'),(808,171,'Брестовица'),(809,31,'Копривец'),(810,31,'Полско Косово'),(811,172,'Ветово'),(812,172,'Сеново'),(813,172,'Глоджево'),(814,172,'Смирненски'),(815,173,'Баниска'),(816,173,'Две могили'),(817,174,'Иваново'),(818,174,'Тръстеник'),(819,174,'Щръклево'),(820,174,'Сваленик'),(821,175,'Николово'),(822,175,'Мартен'),(823,175,'Ново село'),(824,175,'Семерджиево'),(825,175,'Тетово'),(826,175,'Хотанца'),(827,176,'Голямо Враново'),(828,176,'Ряхово'),(829,176,'Сливо поле'),(830,177,'Ценово'),(831,177,'Караманово'),(832,178,'Алфатар'),(833,178,'Алеково'),(834,179,'Главиница'),(835,179,'Зафирово'),(836,179,'Листец'),(837,179,'Сокол'),(838,179,'Стефан Караджа'),(839,180,'Дулово'),(840,180,'Окорш'),(841,180,'Паисиево'),(842,180,'Секулово'),(843,180,'Правда'),(844,180,'Черник'),(845,180,'Чернолик'),(846,180,'Яребица'),(847,180,'Поройно'),(848,181,'Голеш'),(849,181,'Кайнарджа'),(850,181,'Средище'),(851,182,'Силистра'),(852,182,'Айдемир'),(853,182,'Брадвари'),(854,182,'Професор Иширково'),(855,182,'Калипетрово'),(856,183,'Добротица'),(857,183,'Искра'),(858,183,'Ситово'),(859,184,'Тутракан'),(860,184,'Варненци'),(861,184,'Цар Самуил'),(862,184,'Нова Черна'),(863,185,'Котел'),(864,187,'Сливен'),(865,187,'Бяла'),(866,187,'Блатец'),(867,187,'Гавраилово'),(868,187,'Драгоданово'),(869,187,'Желю войвода'),(870,187,'Злати войвода'),(871,187,'Кермен'),(872,187,'Камен'),(873,187,'Крушаре'),(874,187,'Сотиря'),(875,187,'Самуилово'),(876,187,'Стара река'),(877,187,'Селиминово'),(878,187,'Тополчане'),(879,187,'Чинтулово'),(880,185,'Стрелци'),(881,185,'Тича'),(882,185,'Градец'),(883,185,'Кипилово'),(884,185,'Мокрен'),(885,185,'Пъдарево'),(886,185,'Филаретово'),(887,185,'Ябланово'),(888,185,'Малко село'),(889,185,'Соколарци'),(890,186,'Нова Загора'),(891,186,'Баня'),(892,186,'Богданово'),(893,186,'Караново'),(894,186,'Коньово'),(895,186,'Кортен'),(896,186,'Любенова махала'),(897,186,'Радево'),(898,186,'Стоил войвода'),(899,186,'Съдиево'),(900,188,'Твърдица'),(901,188,'Бяла паланка'),(902,188,'Оризари'),(903,188,'Сборище'),(904,188,'Шивачево'),(905,197,'Широка лъка'),(906,197,'Смолян'),(907,197,'Петково'),(908,197,'Арда'),(909,197,'Момчиловци'),(910,197,'Смилян'),(911,197,'Търън'),(912,189,'Баните'),(913,189,'Давидково'),(914,190,'Борино'),(915,190,'Буйново'),(916,190,'Ягодина'),(917,191,'Девин'),(918,191,'Грохотно'),(919,191,'Гьоврен'),(920,191,'Лясково'),(921,191,'Осиково'),(922,191,'Селча'),(923,191,'Триград'),(924,195,'Неделино'),(925,195,'Средец'),(926,193,'Старцево'),(927,193,'Златоград'),(928,193,'Долен'),(929,193,'Ерма река'),(930,194,'Мадан'),(931,194,'Боровина'),(932,194,'Букова поляна'),(933,194,'Средногорци'),(934,196,'Рудозем'),(935,196,'Чепинци'),(936,196,'Елховец'),(937,198,'Чепеларе'),(938,198,'Забърдо'),(939,198,'Павелско'),(940,192,'Доспат'),(941,192,'Змеица'),(942,192,'Късак'),(943,192,'Барутин'),(944,192,'Чавдар'),(945,192,'Любча'),(946,192,'Црънча'),(947,192,'Бръщен'),(948,194,'Върбина'),(949,199,'София'),(950,199,'Долни Пасарел'),(951,199,'Мърчаево'),(952,199,'Волуяк'),(953,199,'Мрамор'),(954,199,'Бусманци'),(955,199,'Горни Богров'),(956,199,'Бухово'),(957,199,'Чепинци'),(958,199,'Нови Искър'),(959,199,'Негован'),(960,199,'Световрачене'),(961,199,'Доброславци'),(962,199,'Казичене'),(963,199,'Кривина'),(964,199,'Железница'),(965,199,'Бистрица'),(966,199,'Лозен'),(967,199,'Банкя'),(968,199,'Владая'),(969,215,'Пирдоп'),(970,217,'Самоков'),(971,213,'Петърч'),(972,214,'Мирково'),(973,210,'Ихтиман'),(974,217,'Ярлово'),(975,218,'Реброво'),(976,209,'Златица'),(977,218,'Осеновлаг'),(978,201,'Хераково'),(979,202,'Врачеш'),(980,212,'Костенец'),(981,204,'Горна Малина'),(982,213,'Костинброд'),(983,207,'Доганово'),(984,207,'Лесново'),(985,202,'Новачене'),(986,216,'Правец'),(987,216,'Разлив'),(988,216,'Осиковска Лакавица'),(989,218,'Владо Тричков'),(990,218,'Томпсън'),(991,217,'Бели Искър'),(992,218,'Бов'),(993,213,'Драговищица'),(994,218,'Свидня'),(995,202,'Литаково'),(996,217,'Говедарци'),(997,202,'Ботевград'),(998,202,'Липница'),(999,202,'Трудовец'),(1000,208,'Брусен'),(1001,203,'Годеч'),(1002,207,'Елин Пелин'),(1003,208,'Етрополе'),(1004,206,'Драгоман'),(1005,219,'Сливница'),(1006,218,'Церово'),(1007,218,'Своге'),(1008,208,'Лопян'),(1009,205,'Долна баня'),(1010,211,'Копривщица'),(1011,219,'Алдомировци'),(1012,221,'Челопеч'),(1013,200,'Антон'),(1014,218,'Искрец'),(1015,201,'Божурище'),(1016,202,'Скравена'),(1017,210,'Вакарел'),(1018,207,'Габра'),(1019,218,'Лакатник'),(1020,204,'Априлово'),(1021,207,'Равно поле'),(1022,216,'Джурово'),(1023,216,'Видраре'),(1024,216,'Осиковица'),(1025,217,'Радуил'),(1026,204,'Долно Камарци'),(1027,207,'Мусачево'),(1028,207,'Нови хан'),(1029,208,'Малки Искър'),(1030,220,'Чавдар'),(1031,225,'Казанлък'),(1032,225,'Хаджи Димитрово'),(1033,231,'Стара Загора'),(1034,231,'Хан Аспарухово'),(1035,225,'Енина'),(1036,230,'Раднево'),(1037,230,'Коларово'),(1038,232,'Чирпан'),(1039,222,'Оризово'),(1040,224,'Гълъбово'),(1041,226,'Ягода'),(1042,231,'Преславен'),(1043,232,'Зетьово'),(1044,232,'Свобода'),(1045,229,'Манолово'),(1046,222,'Гранит'),(1047,222,'Мирово'),(1048,222,'Партизанин'),(1049,222,'Черна гора'),(1050,224,'Обручище'),(1051,226,'Мъглиж'),(1052,226,'Ветрен'),(1053,226,'Дъбово'),(1054,226,'Тулово'),(1055,226,'Зимница'),(1056,223,'Гурково'),(1057,223,'Паничерево'),(1058,227,'Николаево'),(1059,227,'Едрево'),(1060,227,'Елхово'),(1061,227,'Нова махала'),(1062,229,'Павел баня'),(1063,229,'Александрово'),(1064,229,'Габарево'),(1065,229,'Горно Сахране'),(1066,229,'Осетеново'),(1067,229,'Скобелево'),(1068,229,'Тъжа'),(1069,229,'Търничени'),(1070,231,'Братя Кунчеви'),(1071,231,'Горно Ботево'),(1072,231,'Дълбоки'),(1073,231,'Загоре'),(1074,231,'Калояновец'),(1075,231,'Хрищени'),(1076,225,'Бузовград'),(1077,225,'Горно Черковище'),(1078,225,'Копринка'),(1079,225,'Крън'),(1080,225,'Кънчево'),(1081,225,'Овощник'),(1082,225,'Ръжена'),(1083,225,'Шейново'),(1084,225,'Шипка'),(1085,228,'Опан'),(1086,230,'Сърнево'),(1087,230,'Трояново'),(1088,232,'Гита'),(1089,222,'Братя Даскалови'),(1090,234,'Омуртаг'),(1091,235,'Голямо градище'),(1092,235,'Крепча'),(1093,235,'Опака'),(1094,236,'Попово'),(1095,236,'Водица'),(1096,236,'Зараево'),(1097,236,'Кардам'),(1098,236,'Ломци'),(1099,236,'Садина'),(1100,236,'Светлен'),(1101,236,'Славяново'),(1102,237,'Търговище'),(1103,237,'Буйново'),(1104,237,'Вардун'),(1105,237,'Голямо ново'),(1106,237,'Драгановец'),(1107,237,'Дралфа'),(1108,237,'Лиляк'),(1109,237,'Макариополско'),(1110,237,'Надарево'),(1111,237,'Подгорица'),(1112,237,'Руец'),(1113,233,'Антоново'),(1114,233,'Изворово'),(1115,233,'Стеврек'),(1116,233,'Трескавец'),(1117,234,'Беломорци'),(1118,234,'Врани кон'),(1119,234,'Зелена морава'),(1120,234,'Камбурово'),(1121,234,'Обител'),(1122,234,'Плъстина'),(1123,248,'Хасково'),(1124,238,'Димитровград'),(1125,247,'Харманли'),(1126,247,'Бисер'),(1127,247,'Славяново'),(1128,247,'Иваново'),(1129,247,'Българин'),(1130,244,'Симеоновград'),(1131,243,'Свиленград'),(1132,243,'Капитан Андреево'),(1133,240,'Любимец'),(1134,240,'Малко градище'),(1135,242,'Минерални бани'),(1136,242,'Караманци'),(1137,243,'Левка'),(1138,241,'Маджарово'),(1139,245,'Поповец'),(1140,245,'Жълти бряг'),(1141,245,'Долно Ботево'),(1142,245,'Силен'),(1143,245,'Стамболово'),(1144,239,'Свирачи'),(1145,239,'Железино'),(1146,239,'Белополци'),(1147,239,'Ивайловград'),(1148,246,'Тополовград'),(1149,246,'Орешник'),(1150,246,'Хлябово'),(1151,246,'Радовец'),(1152,246,'Синапово'),(1153,246,'Устрем'),(1154,248,'Динево'),(1155,248,'Узунджово'),(1156,248,'Долно Големанци'),(1157,248,'Войводово'),(1158,248,'Конуш'),(1159,248,'Книжовник'),(1160,248,'Малево'),(1161,238,'Крепост'),(1162,238,'Меричлери'),(1163,238,'Радиево'),(1164,238,'Ябълково'),(1165,258,'Шумен'),(1166,257,'Живково'),(1167,249,'Велики Преслав'),(1168,255,'Мировци'),(1169,251,'Тушовица'),(1170,250,'Изгрев'),(1171,255,'Нови пазар'),(1172,255,'Стоян Михайловски'),(1173,255,'Памукчии'),(1174,251,'Бяла река'),(1175,251,'Върбица'),(1176,253,'Каспичан'),(1177,250,'Венец'),(1178,251,'Чернооково'),(1179,253,'Косово'),(1180,253,'Плиска'),(1181,254,'Пет могили'),(1182,251,'Ловец'),(1183,258,'Градище'),(1184,257,'Хитрино'),(1185,256,'Янково'),(1186,257,'Развигорово'),(1187,258,'Дибич'),(1188,258,'Мадара'),(1189,256,'Риш'),(1190,258,'Друмево'),(1191,258,'Царев брод'),(1192,256,'Смядово'),(1193,254,'Никола Козлево'),(1194,249,'Златар'),(1195,252,'Пристое'),(1196,252,'Каолиново'),(1197,252,'Климент'),(1198,252,'Браничево'),(1199,252,'Тодор Икономово'),(1200,254,'Вълнари'),(1201,251,'Иваново'),(1202,249,'Драгоево'),(1203,252,'Лятно'),(1204,253,'Златна нива'),(1205,253,'Марково'),(1206,254,'Крива река'),(1207,254,'Църквица'),(1208,258,'Ивански'),(1209,250,'Ясенково'),(1210,263,'Ямбол'),(1211,259,'Болярово'),(1212,259,'Стефан Караджово'),(1213,260,'Елхово'),(1214,260,'Гранитово'),(1215,260,'Бояново'),(1216,261,'Стралджа'),(1217,261,'Зимница'),(1218,261,'Войника'),(1219,262,'Завой'),(1220,262,'Крумово'),(1221,262,'Роза'),(1222,262,'Ботево'),(1223,262,'Бояджик'),(1224,262,'Кукорево'),(1225,262,'Дражево'),(1226,262,'Веселиново'),(1227,262,'Скалица'),(1228,262,'Тенево');
/*!40000 ALTER TABLE `collection_city` ENABLE KEYS */;
UNLOCK TABLES;

--
-- Table structure for table `collection_entity`
--

DROP TABLE IF EXISTS `collection_entity`;
/*!40101 SET @saved_cs_client     = @@character_set_client */;
/*!40101 SET character_set_client = utf8 */;
CREATE TABLE `collection_entity` (
  `collection_id` char(13) NOT NULL,
  `user_id` char(13) NOT NULL,
  `entity_id` char(13) NOT NULL,
  `entity_type` tinyint(4) NOT NULL,
  `created_at` timestamp NOT NULL DEFAULT CURRENT_TIMESTAMP ON UPDATE CURRENT_TIMESTAMP,
  `updated_at` timestamp NOT NULL DEFAULT '0000-00-00 00:00:00',
  `deleted_at` timestamp NOT NULL DEFAULT '0000-00-00 00:00:00'
) ENGINE=InnoDB DEFAULT CHARSET=utf8;
/*!40101 SET character_set_client = @saved_cs_client */;

--
-- Dumping data for table `collection_entity`
--

LOCK TABLES `collection_entity` WRITE;
/*!40000 ALTER TABLE `collection_entity` DISABLE KEYS */;
/*!40000 ALTER TABLE `collection_entity` ENABLE KEYS */;
UNLOCK TABLES;

--
-- Table structure for table `collection_municipality`
--

DROP TABLE IF EXISTS `collection_municipality`;
/*!40101 SET @saved_cs_client     = @@character_set_client */;
/*!40101 SET character_set_client = utf8 */;
CREATE TABLE `collection_municipality` (
  `id` int(11) NOT NULL AUTO_INCREMENT,
  `area_id` int(11) NOT NULL,
  `title` varchar(200) NOT NULL,
  PRIMARY KEY (`id`),
  KEY `area_id` (`area_id`)
) ENGINE=InnoDB AUTO_INCREMENT=264 DEFAULT CHARSET=utf8;
/*!40101 SET character_set_client = @saved_cs_client */;

--
-- Dumping data for table `collection_municipality`
--

LOCK TABLES `collection_municipality` WRITE;
/*!40000 ALTER TABLE `collection_municipality` DISABLE KEYS */;
INSERT INTO `collection_municipality` VALUES (1,1,'Банско'),(2,1,'Белица'),(3,1,'Благоевград'),(4,1,'Гоце Делчев'),(5,1,'Гърмен'),(6,1,'Кресна'),(7,1,'Петрич'),(8,1,'Разлог'),(9,1,'Сандански'),(10,1,'Сатовча'),(11,1,'Симитли'),(12,1,'Струмяни'),(13,1,'Хаджидимово'),(14,1,'Якоруда'),(15,2,'Айтос'),(16,2,'Бургас'),(17,2,'Камено'),(18,2,'Карнобат'),(19,2,'Малко Търново'),(20,2,'Несебър'),(21,2,'Поморие'),(22,2,'Приморско'),(23,2,'Руен'),(24,2,'Созопол'),(25,2,'Средец'),(26,2,'Сунгурларе'),(27,2,'Царево'),(28,3,'Аврен'),(29,3,'Аксаково'),(30,3,'Белослав'),(31,3,'Бяла'),(32,3,'Варна'),(33,3,'Ветрино'),(34,3,'Вълчи дол'),(35,3,'Девня'),(36,3,'Долни чифлик'),(37,3,'Дългопол'),(38,3,'Провадия'),(39,3,'Суворово'),(40,4,'Велико Търново'),(41,4,'Горна Оряховица'),(42,4,'Елена'),(43,4,'Златарица'),(44,4,'Лясковец'),(45,4,'Павликени'),(46,4,'Полски Тръмбеш'),(47,4,'Свищов'),(48,4,'Стражица'),(49,4,'Сухиндол'),(50,5,'Белоградчик'),(51,5,'Бойница'),(52,5,'Брегово'),(53,5,'Видин'),(54,5,'Грамада'),(55,5,'Димово'),(56,5,'Кула'),(57,5,'Макреш'),(58,5,'Ново село'),(59,5,'Ружинци'),(60,5,'Чупрене'),(61,6,'Борован'),(62,6,'Бяла Слатина'),(63,6,'Враца'),(64,6,'Козлодуй'),(65,6,'Криводол'),(66,6,'Мездра'),(67,6,'Мизия'),(68,6,'Оряхово'),(69,6,'Роман'),(70,6,'Хайредин'),(71,7,'Габрово'),(72,7,'Дряново'),(73,7,'Севлиево'),(74,7,'Трявна'),(75,8,'Балчик'),(76,8,'Генерал Тошево'),(77,8,'Добрич'),(78,8,'Добричка'),(79,8,'Каварна'),(80,8,'Крушари'),(81,8,'Тервел'),(82,8,'Шабла'),(83,9,'Ардино'),(84,9,'Джебел'),(85,9,'Кирково'),(86,9,'Крумовград'),(87,9,'Кърджали'),(88,9,'Момчилград'),(89,9,'Черноочене'),(90,10,'Бобов дол'),(91,10,'Бобошево'),(92,10,'Дупница'),(93,10,'Кочериново'),(94,10,'Кюстендил'),(95,10,'Невестино'),(96,10,'Рила'),(97,10,'Сапарева баня'),(98,10,'Трекляно'),(99,11,'Априлци'),(100,11,'Летница'),(101,11,'Ловеч'),(102,11,'Луковит'),(103,11,'Тетевен'),(104,11,'Троян'),(105,11,'Угърчин'),(106,11,'Ябланица'),(107,12,'Берковица'),(108,12,'Бойчиновци'),(109,12,'Брусарци'),(110,12,'Вълчедръм'),(111,12,'Вършец'),(112,12,'Георги Дамяново'),(113,12,'Лом'),(114,12,'Медковец'),(115,12,'Монтана'),(116,12,'Чипровци'),(117,12,'Якимово'),(118,13,'Батак'),(119,13,'Белово'),(120,13,'Брацигово'),(121,13,'Велинград'),(122,13,'Лесичово'),(123,13,'Пазарджик'),(124,13,'Панагюрище'),(125,13,'Пещера'),(126,13,'Ракитово'),(127,13,'Септември'),(128,13,'Стрелча'),(129,14,'Брезник'),(130,14,'Земен'),(131,14,'Ковачевци'),(132,14,'Перник'),(133,14,'Радомир'),(134,14,'Трън'),(135,15,'Белене'),(136,15,'Гулянци'),(137,15,'Долна Митрополия'),(138,15,'Долни Дъбник'),(139,15,'Искър'),(140,15,'Кнежа'),(141,15,'Левски'),(142,15,'Никопол'),(143,15,'Плевен'),(144,15,'Пордим'),(145,15,'Червен бряг'),(146,16,'Асеновград'),(147,16,'Брезово'),(148,16,'Калояново'),(149,16,'Карлово'),(150,16,'Кричим'),(151,16,'Куклен'),(152,16,'Лъки'),(153,16,'Марица'),(154,16,'Перущица'),(155,16,'Пловдив'),(156,16,'Първомай'),(157,16,'Раковски'),(158,16,'Родопи'),(159,16,'Садово'),(160,16,'Сопот'),(161,16,'Стамболийски'),(162,16,'Съединение'),(163,16,'Хисаря'),(164,17,'Завет'),(165,17,'Исперих'),(166,17,'Кубрат'),(167,17,'Лозница'),(168,17,'Разград'),(169,17,'Самуил'),(170,17,'Цар Калоян'),(171,18,'Борово'),(172,18,'Ветово'),(173,18,'Две могили'),(174,18,'Иваново'),(175,18,'Русе'),(176,18,'Сливо поле'),(177,18,'Ценово'),(178,19,'Алфатар'),(179,19,'Главиница'),(180,19,'Дулово'),(181,19,'Кайнарджа'),(182,19,'Силистра'),(183,19,'Ситово'),(184,19,'Тутракан'),(185,20,'Котел'),(186,20,'Нова Загора'),(187,20,'Сливен'),(188,20,'Твърдица'),(189,21,'Баните'),(190,21,'Борино'),(191,21,'Девин'),(192,21,'Доспат'),(193,21,'Златоград'),(194,21,'Мадан'),(195,21,'Неделино'),(196,21,'Рудозем'),(197,21,'Смолян'),(198,21,'Чепеларе'),(199,22,'Столична'),(200,23,'Антон'),(201,23,'Божурище'),(202,23,'Ботевград'),(203,23,'Годеч'),(204,23,'Горна Малина'),(205,23,'Долна баня'),(206,23,'Драгоман'),(207,23,'Елин Пелин'),(208,23,'Етрополе'),(209,23,'Златица'),(210,23,'Ихтиман'),(211,23,'Копривщица'),(212,23,'Костенец'),(213,23,'Костинброд'),(214,23,'Мирково'),(215,23,'Пирдоп'),(216,23,'Правец'),(217,23,'Самоков'),(218,23,'Своге'),(219,23,'Сливница'),(220,23,'Чавдар'),(221,23,'Челопеч'),(222,24,'Братя Даскалови'),(223,24,'Гурково'),(224,24,'Гълъбово'),(225,24,'Казанлък'),(226,24,'Мъглиж'),(227,24,'Николаево'),(228,24,'Опан'),(229,24,'Павел баня'),(230,24,'Раднево'),(231,24,'Стара Загора'),(232,24,'Чирпан'),(233,25,'Антоново'),(234,25,'Омуртаг'),(235,25,'Опака'),(236,25,'Попово'),(237,25,'Търговище'),(238,26,'Димитровград'),(239,26,'Ивайловград'),(240,26,'Любимец'),(241,26,'Маджарово'),(242,26,'Минерални бани'),(243,26,'Свиленград'),(244,26,'Симеоновград'),(245,26,'Стамболово'),(246,26,'Тополовград'),(247,26,'Харманли'),(248,26,'Хасково'),(249,27,'Велики Преслав'),(250,27,'Венец'),(251,27,'Върбица'),(252,27,'Каолиново'),(253,27,'Каспичан'),(254,27,'Никола Козлево'),(255,27,'Нови пазар'),(256,27,'Смядово'),(257,27,'Хитрино'),(258,27,'Шумен'),(259,28,'Болярово'),(260,28,'Елхово'),(261,28,'Стралджа'),(262,28,'Тунджа'),(263,28,'Ямбол');
/*!40000 ALTER TABLE `collection_municipality` ENABLE KEYS */;
UNLOCK TABLES;

--
-- Table structure for table `collection_school`
--

DROP TABLE IF EXISTS `collection_school`;
/*!40101 SET @saved_cs_client     = @@character_set_client */;
/*!40101 SET character_set_client = utf8 */;
CREATE TABLE `collection_school` (
  `id` char(10) NOT NULL,
  `area_id` int(11) NOT NULL,
  `municipality_id` int(11) NOT NULL,
  `city_id` int(11) NOT NULL,
  `title` varchar(500) NOT NULL,
  PRIMARY KEY (`id`)
) ENGINE=InnoDB DEFAULT CHARSET=utf8;
/*!40101 SET character_set_client = @saved_cs_client */;

--
-- Dumping data for table `collection_school`
--

LOCK TABLES `collection_school` WRITE;
/*!40000 ALTER TABLE `collection_school` DISABLE KEYS */;
INSERT INTO `collection_school` VALUES ('1000002',10,94,451,'ПРОФЕСИОНАЛНА ГИМНАЗИЯ ПО СЕЛСКО СТОПАНСТВО \"СВЕТИ КЛИМЕНТ ОХРИДСКИ\"'),('1000003',10,94,451,'Професионална гимназия по дървообработване и горско стопанство \"Георги С. Раковски\"'),('1000004',10,95,452,'Основно училище \"Христо Ботев\"'),('1000007',10,98,453,'ОСНОВНО УЧИЛИЩЕ \"СВЕТИ КЛИМЕНТ ОХРИДСКИ\"'),('1000008',10,97,454,'Основно училище \"Христо Ботев\"'),('1000013',10,97,454,'ПРОФЕСИОНАЛНА ГИМНАЗИЯ по ТУРИЗЪМ И АДМИНИСТРАЦИЯ \"АЛЕКО КОНСТАНТИНОВ\"'),('1000015',10,90,455,'Основно училище \"Никола Йонков Вапцаров\"'),('1000016',10,90,455,'Средно общообразователно училище \"Христо Ботев\"'),('1000021',10,91,456,'Основно училище \"Св.св.Кирил и Методий\"'),('1000025',10,93,457,'СРЕДНО ОБЩООБРАЗОВАТЕЛНО УЧИЛИЩЕ \"Христо Ботев\"'),('1000029',10,93,458,'Помощно училище интернат \" Никола Вапцаров\"'),('1000032',10,96,459,'Основно училище \"Аверкий Попстоянов\"'),('1000034',10,92,460,'ОСНОВНО УЧИЛИЩЕ \'СВ. СВ. КИРИЛ И МЕТОДИЙ\''),('1000035',10,92,460,'Средно общообразователно училище \"Св. Паисий Хилендарски\"'),('1000036',10,92,460,'Основно училище \"Неофит Рилски\"'),('1000037',10,92,460,'ОУ \" Христаки Павлович \"'),('1000038',10,92,460,'ОСНОВНО УЧИЛИЩЕ \"ЕВЛОГИ ГЕОРГИЕВ\"'),('1000039',10,92,460,'ОСНОВНО УЧИЛИЩЕ \"СВЕТИ КЛИМЕНТ ОХРИДСКИ\"'),('1000040',10,92,460,'ГИМНАЗИЯ \"ХРИСТО БОТЕВ\"'),('1000041',10,92,460,'ВЕЧЕРНО СРЕДНО ОБЩООБРАЗОВАТЕЛНО УЧИЛИЩЕ \"ДИМЧО ДЕБЕЛЯНОВ\"'),('1000043',10,92,461,'Основно училище \" Васил Априлов\"'),('1000044',10,92,462,'ОСНОВНО УЧИЛИЩЕ \"Свети , свети Кирил и Методий\" с. Джерман'),('1000045',10,92,463,'Основно училище \"Христо Ботев\"'),('1000046',10,92,464,'Основно училище \"Христо Ботев\"'),('1000047',10,92,465,'ОУ\"Св.св.Кирил и Методий\"'),('1000048',10,92,466,'ОСНОВНО УЧИЛИЩЕ \"Свети Свети Кирил и Методий\"'),('1000049',10,92,460,'Професионална гимназия по облекло и стопанско управление'),('1000051',10,92,460,'Професионална гимназия по Транспорт'),('1000053',10,94,451,'ПЕТО ОСНОВНО УЧИЛИЩЕ \"ХРИСТО БОТЕВ\"'),('100020',1,3,1,'Второ основно училище \"Димитър Благоев\"'),('1000330',10,94,451,'ОСНОВНО УЧИЛИЩЕ \'ПРОФЕСОР МАРИН ДРИНОВ\''),('1000340',10,94,451,'ЧЕТВЪРТО ОСНОВНО УЧИЛИЩЕ \"ИВАН ВАЗОВ\"'),('1000380',10,94,451,'НАЧАЛНО УЧИЛИЩЕ \" СВЕТИ КЛИМЕНТ ОХРИДСКИ\"'),('100040',1,3,1,'Четвърто основно училище Димчо Дебелянов'),('100052',1,3,1,'Професионална гимназия по електротехника и електроника \"Никола Йонков Вапцаров\"'),('1000530',10,94,451,'ГИМНАЗИЯ \"НЕОФИТ РИЛСКИ\"'),('1000540',10,94,451,'Езикова гимназия \"Д-р Петър Берон\"'),('1000550',10,94,451,'Природоматематическа гимназия \"Проф. Емануил Иванов\"'),('100070',1,3,1,'Седмо средно общообразователно училище \"Кузман Шапкарев\"'),('100110',1,3,1,'Единадесето основно училище \"Христо Ботев\"'),('1001360',10,94,451,'ПРОФЕСИОНАЛНА ТЕХНИЧЕСКА ГИМНАЗИЯ \" ДЖОН АТАНАСОВ \"'),('1001380',10,94,451,'Професионална гимназия по икономика и мениджмънт \"Йордан Захариев\"'),('1001390',10,94,451,'Спортно училище \" Васил Левски\"'),('1001410',10,94,451,'Шесто основно училище \"Св. Паисий Хилендарски\"'),('1001420',10,94,451,'Професионална гимназия по туризъм \"Никола Йонков Вапцаров\"'),('1001590',10,94,451,'СЕДМО ОСНОВНО УЧИЛИЩЕ \"ИЛЬО ВОЙВОДА\"'),('1001630',10,94,467,'Начално училище \"Св. Св. Кирил и Методий\"'),('1001670',10,94,451,'Професионална гимназия по лека промишленост \"Владимир Димитров-Майстора\"'),('1001680',10,94,451,'Основно училище \"Даскал Димитри\"'),('1001830',10,94,451,'ОСНОВНО УЧИЛИЩЕ \"СВ. СВ. КИРИЛ И МЕТОДИЙ\"'),('100190',1,3,1,'Езикова гимназия \"Акад. Людмил Стоянов\"'),('100200',1,3,1,'Природо-математическа гимназия \"Акад. Сергей Павлович Корольов\"'),('1002136',10,92,460,'Професионална гимназия \"Акад. Сергей П. Корольов\"'),('1002137',10,92,460,'Професионална гимназия по хранително - вкусови и химични технологии'),('1002451',10,90,455,'Професионална гимназия'),('100280',1,3,1,'Професионална гимназия по икономика \"Иван Илиев\"'),('100300',1,3,1,'Професионална гимназия по строителство, архитектура и геодезия \"В.Левски\"'),('101250',1,3,1,'Средно общообразователно училище с изучаване на чужди езици \"Свети Климент Охридски\"'),('101270',1,3,1,'Професионална техническа гимназия \"Ичко Бойчев\"'),('101290',1,3,1,'Трето основно училище \"Димитър Талев\"'),('101301',1,5,39,'Средно общообразователно училище \"Св.Св.Кирил и Методий\"'),('101580',1,3,1,'Осмо средно общообразователно училище \"Арсени Костенцев\"'),('101700',1,3,1,'Девето основно училище \" Пейо Крачолов Яворов\"'),('101730',1,3,1,'Професионална гимназия по текстил и облекло'),('101820',1,3,1,'Помощно училище\"Свети Паисий Хилендарски\"'),('101870',1,3,1,'Национална хуманитарна гимназия \"Св.св.Кирил и Методий\"'),('101880',1,3,1,'Средно общообразователно училище \"Иван Вазов\"'),('102001',1,4,2,'Неврокопска професионална гимназия \"Димитър Талев\"'),('102002',1,4,2,'Природоматематическа гимназия \"Яне Сандански\"'),('102003',1,1,40,'Основно училище \"Свети свети Кирил и Методий\"'),('102004',1,1,3,'Професионална лесотехническа гимназия \"Никола Йонков Вапцаров\"'),('102007',1,9,7,'Професионална техническа гимназия'),('102009',1,7,4,'Професионална гимназия по механоелектротехника \"Юрий Гагарин\"'),('102010',1,1,3,'Професионална гимназия по селско стопанство и туризъм \"Алеко Константинов\"'),('102011',1,14,14,'Професионална гимназия по машиностроене \"Петко Рачов Славейков\"'),('102012',1,8,5,'Професионална гимназия по туризъм и хранителни технологии \"Никола Стойчев\"'),('102013',1,9,7,'Земеделска професионална гимназия \"Климент Аркадиевич Тимирязев\"'),('102014',1,7,4,'Професионална гимназия по икономика и туризъм \"Проф. д-р Асен Златаров\"'),('102015',1,1,3,'Професионална гимназия по електроника и енергетика'),('102016',1,4,2,'Професионална гимназия по механизация на селското стопанство \"Пейо Крачолов Яворов\"'),('102017',1,8,5,'Професионална гимназия по механизация на селското стопанствo'),('102060',1,3,1,'Пето средно общообразователно училище \"Георги Измирлиев\"'),('102113',1,8,5,'Професионална гимназия по транспорт'),('102606',1,9,7,'Второ основно училище \"Христо Смирненски\"'),('103002',1,5,41,'Средно общообразователно училище \"Йордан Йовков\"'),('103004',1,5,42,'Основно училище \"Пейо Крачолов Яворов\"'),('103005',1,5,43,'Основно училище \"Св. Климент Охридски\"'),('103006',1,5,44,'Основно училище \" Св. Паисий Хилендарски\"'),('103008',1,5,45,'Основно училище \"Христо Ботев\"'),('103009',1,5,46,'Основно училище\"Димитър Талев\"'),('103019',1,5,47,'Основно училище \"Христо Ботев\"'),('103133',1,11,48,'Средно общообразователно училище \"Св. Св. Кирил и Методий\"'),('103310',1,7,4,'Средно общообразователно училище\"Никола Йонков Вапцаров\"'),('103401',1,4,49,'Средно общообразователно училище \"Св. Св. Кирил и Методий\"'),('103402',1,4,2,'Първо основно училище \"Св. Св. Кирил и Методий\"'),('103403',1,4,2,'Второ основно училище \'Гоце Делчев\''),('103404',1,4,2,'Трето основно училище \"Братя Миладинови\"'),('103405',1,4,50,'Основно училище \"Христо Ботев\"'),('103406',1,4,51,'Основно училище \"Св. Климент Охридски\"'),('103407',1,4,52,'Основно училище \" Иван Вазов\"'),('103408',1,4,53,'Основно училище \"Свети Паисий Хилендарски\"'),('103409',1,4,54,'Основно училище \"Петър Берон\"'),('103410',1,4,55,'Oсновно училище \"Св. Паисий Хилендарски\"'),('103411',1,4,2,'Помощно училище \"Васил Левски\"'),('103501',1,8,5,'Средно общообразователно училище \"Братя Петър и Иван Каназиреви\"'),('103502',1,8,5,'Основно училище Никола Парапунов'),('103503',1,8,56,'Основно училище \"Св. Паисий Хилендарски\"'),('103504',1,8,57,'Основно училище \"Св. Св. Кирил и Методий\"'),('103506',1,8,58,'Основно училище \"Неофит Рилски\"'),('103507',1,8,6,'Начално училище \"Свети Климент Охридски\"'),('103508',1,8,59,'Основно училище \"Братя Миладинови\"'),('103509',1,8,60,'Помощно училище-интернат'),('103510',1,8,5,'Начално училище \"Яне Сандански\"'),('103511',1,8,5,'Начално училище\"Св.Св.Кирил и Методий\"'),('104001',1,7,4,'Гимназия \"Пейо К. Яворов\"'),('104002',1,7,4,'Средно общообразователно училище \"Антон Попов\"'),('104003',1,7,61,'Средно общообразователно училище \"Васил Левски\"'),('104004',1,7,62,'Средно общообразователно училище \"Св.Паисий Хилендарски\"'),('104005',1,7,63,'Основно училище \"Пейо К.Яворов\"'),('104006',1,7,4,'Първо основно училище \"Кочо Мавродиев\"'),('104007',1,7,4,'Трето основно училище \"Гоце Делчев\"'),('104008',1,7,4,'Четвърто основно училище \"Христо Смирненски\"'),('104009',1,7,64,'Основно Училище \"Св. Паисий Хилендарски\"'),('104011',1,7,65,'Основно училище \"Антон Попов\"'),('104013',1,7,66,'Основно училище \"Христо Смирненски\"'),('104016',1,7,67,'Основно Училище \"Екзарх Йосиф\"'),('104017',1,7,68,'Основно Училище \"Св.св. Кирил и Методий\"'),('104018',1,7,69,'Основно училище \"Св. Св. Кирил и Методий\"'),('104020',1,7,70,'Основно училище \"Св.Св. Кирил и Методий\"'),('104021',1,7,71,'Основно училище \"Дядо Ильо Войвода\"'),('104022',1,7,72,'Основно училище \"Христо Ботев\"'),('104024',1,7,73,'Основно училище \"Св.Св. Кирил и Методий\"'),('104025',1,7,74,'Основно Училище \"Братя Миладинови\"'),('104033',1,7,4,'Професионална гимназия по лека промишленост \"А.А. - Малчика\"'),('104101',1,9,7,'Гимназия \"Яне Сандански\"'),('104103',1,9,7,'Средно общообразователно оздравително училище \"Пейо Крачолов Яворов\"'),('104104',1,9,7,'Първо основно училище \"Свети Климент Охридски\"'),('104106',1,9,7,'Трето основно училище \"Христо Ботев\"'),('104107',1,9,7,'Четвърто основно училище \" Св. Св. Козма и Дамян \"'),('104111',1,9,75,'Основно училище \"Братя Миладинови\"'),('104113',1,9,76,'Основно училище \"Св.Св. Кирил и Методий\"'),('104116',1,9,77,'Основно училище\"Христо Ботев\"'),('104117',1,9,78,'Начално училище \"Св. Св. Кирил и Методий\"'),('105001',1,2,79,'Средно общообразователно училище \"Св.св.Кирил и Методий\"'),('105002',1,2,79,'Средно общообразователно оздравително училище \"Никола Йонков Вапцаров\"'),('105003',1,2,8,'Основно училище \"Св.Паисий Хилендарски\"'),('105004',1,2,80,'Основно училище \"П.К.Яворов\"'),('105005',1,2,81,'Основно училище \"Св.св.Кирил и Методий\"'),('105006',1,2,9,'Начално училище \"Петко Р. Славейков\"'),('105101',1,6,10,'Средно общообразователно училище \"Св.Паисий Хилендарски\"'),('105201',1,1,3,'Средно общообразователно училище \"Неофит Рилски\"'),('105202',1,1,11,'Основно училище \"Свети Климент Охридски\"'),('105204',1,1,3,'Начално училище \"Св.Паисий Хилендарски\"'),('107020',1,14,12,'Основно училище \"Неофит Рилски\"'),('107021',1,14,13,'Основно училище \"Гоце Делчев \"'),('107090',1,14,14,'Средно общообразователно училище \"Св.Св. Кирил и Методий\"'),('107092',1,14,15,'Основно училище \"Братя Миладинови\"'),('107094',1,14,16,'Основно училище\"Васил Левски\"'),('108001',1,13,17,'Средно общообразователно училище \"Никола Йонков Вапцаров\"'),('108003',1,13,18,'Основно училище \"Никола Вапцаров\"'),('108004',1,13,19,'Средно общообразователно училище ,,Св. Паисий Хилендарски\"'),('108006',1,13,20,'Основно училище \"Св. Св. Кирил и Методий\"'),('108007',1,13,21,'Основно училище \"Гоце Делчев\"'),('108021',1,9,7,'Вечерна гимназия'),('108100',1,12,22,'Средно общообразователно училище \"Св. Паисий Хилендарски\"'),('109030',1,10,23,'Средно общообразователно училище \"Христо Ботев\"'),('109031',1,10,24,'Основно училище \"Св. Паисий Хилендарски\"'),('109037',1,10,25,'Средно общообразователно училище \"Свети Климент Охридски\"'),('109038',1,10,26,'Основно училище \"Братя Миладинови\"'),('109039',1,10,27,'Основно училище \"Св.св.Кирил и Методий\"'),('109050',1,10,28,'Средно общообразователно училище \"Св. св. Кирил и Методий\"'),('109051',1,10,29,'Основно училище \"Светлина\"'),('109052',1,10,30,'Начално училище \"Пейо Яворов\"'),('109053',1,10,31,'Начално училище \"Васил Левски\"'),('109054',1,10,32,'Основно училище \"Св.св.Кирил и Методий\"'),('109055',1,10,33,'Средно общообразователно училище \"Христо Смирненски\"'),('109056',1,10,34,'Начално училище \"Яне Сандански\"'),('109057',1,10,35,'Основно училище \"Стефка Събчева\"'),('109068',1,10,36,'Основно Училище \"Св.Св.Кирил и Методий\"'),('109102',1,11,37,'Средно oбщообразователно училище \"Св.св. Кирил и Методий\"'),('109107',1,11,38,'Основно училище \"Св.Паисий Хилендарски \"'),('1100101',11,99,470,'Основно училище \"Васил Левски\"'),('1100104',11,99,470,'Професионална гимназия по туризъм \"Иван Марангозов\"'),('1100201',11,100,471,'Средно общообразователно училище \"Бачо Киро\"'),('1100301',11,101,472,'ОСНОВНО УЧИЛИЩЕ\"ВАСИЛ ЛЕВСКИ\"'),('1100304',11,101,472,'ОСНОВНО УЧИЛИЩЕ \"ХРИСТО НИКИФОРОВ\"'),('1100305',11,101,472,'ОСНОВНО УЧИЛИЩЕ\"СВ.СВ.КИРИЛ И МЕТОДИЙ\"'),('1100311',11,101,473,'Основно училище \"Васил Левски\"'),('1100316',11,101,472,'СРЕДНО ОБЩООБРАЗОВАТЕЛНО УЧИЛИЩЕ \" ТОДОР КИРКОВ \"'),('1100317',11,101,472,'Средно общообразователно училище \"ПАНАЙОТ ПИПКОВ\"'),('1100318',11,101,472,'СОУ \"СВ.КЛИМЕНТ ОХРИДСКИ\"'),('1100320',11,101,472,'ПРИРОДО-МАТЕМАТИЧЕСКА ГИМНАЗИЯ'),('1100321',11,101,474,'Средно общообразователно училище \"Свети Свети Кирил и Методий\"'),('1100322',11,101,472,'ПРОФЕСИОНАЛНА ГИМНАЗИЯ ПО МЕХАНОЕЛЕКТРОТЕХНИКА'),('1100324',11,101,472,'ВЕЧЕРНО ПРОФЕСИОНАЛНО УЧИЛИЩЕ'),('1100328',11,101,472,'Гимназия за чужди езици \"Екзарх Йосиф I\"'),('1100329',11,101,472,'ПРОФЕСИОНАЛНА ГИМНАЗИЯ ПО ВЕТЕРИНАРНА МЕДИЦИНА \"ПРОФ.Д-Р Д.ДИМОВ\"'),('1100330',11,101,472,'Професионална гимназия по кожарство облекло и химични технологии \"Марийка и Маринчо Караконови\"'),('1100331',11,101,472,'Професионална гимназия по икономика, търговия и услуги'),('1100334',11,101,472,'ПОМОЩНО УЧИЛИЩЕ \"ВАСИЛ ЛЕВСКИ\"'),('1100336',11,101,472,'Основно училище \"Професор Димитър Димов\"'),('1100401',11,102,475,'Основно училище при Дом за момичета и момчета с физически увреждания'),('1100402',11,102,475,'Средно общообразователно училище \"Алеко Константинов\"'),('1100403',11,102,476,'Основно училище \"Свети свети Кирил и Методий\"'),('1100404',11,102,477,'Основно училище \"Неофит Рилски\"'),('1100406',11,102,478,'Основно училище \" Христо Ботев \"'),('1100408',11,102,479,'Основно училище \"Васил Левски\"'),('1100410',11,102,475,'Професионална гимназия по селско стопанство \"Сергей Румянцев\"'),('1100411',11,102,475,'Начално училище\"инж.Георги Иванов Вълков\"'),('1100501',11,103,480,'Основно училище \"Васил Левски\"'),('1100502',11,103,481,'Основно училище \"Георги Бенковски\"'),('1100503',11,103,482,'Основно училище \"ХРИСТО БОТЕВ \"'),('1100504',11,103,483,'Основно училище \"Йото Николов Врачев\"'),('1100505',11,103,484,'Основно Оздравително Училище \"ВАСИЛ ЛЕВСКИ\"'),('1100506',11,103,485,'Основно училище \"Васил Априлов\"'),('1100507',11,103,486,'ОСНОВНО УЧИЛИЩЕ \"ГЕОРГИ БЕНКОВСКИ\"'),('1100508',11,103,487,'Основно училище \"Георги Бенковски\"'),('1100509',11,103,488,'Средно общообразователно училище \"Георги Бенковски\"'),('1100510',11,103,489,'НАЧАЛНО УЧИЛИЩЕ \"ЛЮБЕН КАРАВЕЛОВ\"'),('1100511',11,103,488,'Професионална гимназия по горско стопанство и дървообработване \"Сава Младенов\"'),('1100513',11,103,488,'Начално училище \"Хаджи Генчо\"'),('1100514',11,103,488,'Професионална гимназия по строителство, електротехника и услуги'),('1100601',11,104,469,'ОСНОВНО УЧИЛИЩЕ \"Иван Хаджийски\"'),('1100603',11,104,490,'Основно училище \"Васил Левски\"'),('1100604',11,104,491,'Основно училище \"Христо Ботев\"'),('1100606',11,104,492,'ОСНОВНО УЧИЛИЩЕ \"ЛЮБЕН КАРАВЕЛОВ\"'),('1100609',11,104,493,'ОСНОВНО УЧИЛИЩЕ \"ВАСИЛ ЛЕВСКИ\"'),('1100610',11,104,494,'СРЕДНО ОБЩООБРАЗОВАТЕЛНО УЧИЛИЩЕ \"ВАСИЛ ЛЕВСКИ\"'),('1100611',11,104,495,'ОСНОВНО ОЗДРАВИТЕЛНО УЧИЛИЩЕ \"НИКОЛА ВОЙНОВСКИ\"'),('1100612',11,104,469,'Средно общообразователно училище \"Васил Левски\"'),('1100613',11,104,469,'СРЕДНО ОБЩООБРАЗОВАТЕЛНО УЧИЛИЩЕ \"СВЕТИ КЛИМЕНТ ОХРИДСКИ\"'),('1100614',11,104,469,'НАЧАЛНО УЧИЛИЩЕ \"СВ. СВ. КИРИЛ И МЕТОДИЙ\"'),('1100615',11,104,469,'Начално училище \"Христо Ботев\"'),('1100616',11,104,469,'ПРОФЕСИОНАЛНА ГИМНАЗИЯ ПО МЕХАНОЕЛЕКТРОТЕХНИКА'),('1100702',11,105,496,'Oсновно училище \"Христо Ботев\"'),('1100703',11,105,497,'Основно училище \"Св.Паисий Хилендарски\"'),('1100705',11,105,498,'Средно общообразователно училище \"Св. св. Кирил и Методий\"'),('1100801',11,106,499,'Основно Училище \"Христо Ботев\"'),('1100803',11,106,500,'Основно училище \"Любен Каравелов\"'),('1100804',11,106,468,'Основно Училище \"Васил Левски\"'),('1100805',11,106,501,'Средно общообразователно училище \"Васил Левски\"'),('1201000',12,115,502,'Основно училище \" Георги Бенковски\"'),('1201001',12,115,502,'Природо-математическа гимназия \"Свети Климент Охридски\"'),('1201002',12,115,502,'Гимназия с преподаване на чужди езици \"Петър Богдан\"'),('1201003',12,115,502,'Първо основно училище \"Св.св. Кирил и Методий\"'),('1201004',12,115,502,'Второ средно общообразователно у-ще \"Н.Й.Вапцаров\"'),('1201005',12,115,502,'Tрето основно училище \"Д-р П. Берон\"'),('1201006',12,115,502,'Четвърто основно училище \"Иван Вазов\"'),('1201007',12,115,502,'Пето средно общообразователно училище \"Христо Ботев\"'),('1201008',12,115,502,'Шесто основно училище \"Любен Каравелов\"'),('1201009',12,115,502,'Седмо средно общообразователно училище \"Проф. д-р Асен Златаров\"'),('1201010',12,115,502,'Осмо средно общообразователно училище \"Отец Паисий\"'),('1201011',12,115,502,'Девето средно общообразователно училище \"Йордан Радичков\"'),('1201012',12,115,503,'Основно училище \"Васил Левски\"'),('1201015',12,115,511,'Основно училище \"Св. св. Кирил и Методий\"'),('1201016',12,115,504,'Основно училище \"Христо Ботев\"'),('1201020',12,115,502,'Професионална техническа гимназия \"Юрий Гагарин\"'),('1201021',12,115,502,'Финансово-стопанска гимназия \"Васил Левски\"'),('1201022',12,115,502,'Професионална гимназия по строителство, архитектура и геодезия \"Проф. арх. Стефан Стефанов\"'),('1201023',12,115,502,'Професионална гимназия по лека промишленост'),('1201101',12,116,512,'Основно училище \"Петър Парчевич\"'),('1201200',12,117,513,'Основно училище \"Д-р Петър Берон\"'),('1201203',12,117,514,'Основно училище \"Христо Ботев\"'),('1202000',12,107,505,'Гимназия \"Д-р Иван Панов\"'),('1202001',12,107,505,'Първо основно училище \"Никола Йонков Вапцаров\"'),('1202002',12,107,505,'Второ основно училище \"Христо Смирненски\"'),('1202003',12,107,505,'Трето основно училище \"Иван Вазов\"'),('1202004',12,107,505,'ІV Основно училище \"Георги Сава Раковски\"'),('1202007',12,107,515,'Основно училище \"Георги Стойков Раковски\"'),('1202009',12,107,516,'Основно училище \"Св. Св. Кирил и Методий\"'),('1202010',12,107,505,'Помощно училище \"Христо Ботев\"'),('1202011',12,107,505,'Лесотехническа професионална гимназия'),('1202036',12,113,509,'Професионална гимназия по хранене и земеделие \"Дмитрий Иванович Менделеев\"'),('1202042',12,115,502,'Професионална гимназия по електротехника \"Христо Ботев\"'),('1202052',12,108,517,'Професионална гимназия по транспорт'),('1203000',12,108,518,'Средно общообразователно училище \" Васил Левски \"'),('1203001',12,108,519,'Средно общообразователно училище \"Св. Св. Кирил и Методий\"'),('1203003',12,108,520,'Основно училище \"Отец Паисий\"'),('1203004',12,108,517,'Основно училище \"Владимир Минчев\"'),('1203005',12,108,506,'Oсновно училище \"Отец Паисий\"'),('1203006',12,108,521,'Oсновно училище\"Христо Ботев\"'),('1203007',12,108,518,'Средно общообразoвателно училищe \"Св. cв. Кирил и Методий\"'),('1203512',12,113,509,'Първо основно училище Никола Първанов'),('1204000',12,109,507,'Средно общообразователно училище \"Христо Ботев\"'),('1204001',12,109,522,'Основно училище \"Пейо Крачолов Яворов\"'),('1204003',12,109,523,'Основно училище \"Петко Рачов Славейков\"'),('1205000',12,114,524,'Средно общообразователно училище \"Отец Паисий\"'),('1205001',12,114,525,'Основно училище \"Христо Ботев \"'),('1206002',12,112,508,'Основно училище \"Отец Паисий\"'),('1206005',12,112,508,'Професионална гимназия по селско стопанство \"Марко Марков\"'),('1207000',12,110,526,'Гимназия \"Димитър Маринов\"'),('1207001',12,110,526,'Първо основно училище \"Васил Левски\"'),('1207002',12,110,526,'Второ основно училище \"Иван Вазов\"'),('1207003',12,110,527,'Основно училище \"Христо Ботев\"'),('1207004',12,110,528,'Основно училище \"Христо Ботев\"'),('1207007',12,110,529,'Основно училище \"Д-р Петър Берон\"'),('1208000',12,111,530,'Начално училище \"Васил Левски\"'),('1208002',12,111,530,'Средно общообразователнo училище \"Иван Вазов\"'),('1208003',12,111,530,'Оздравително училище \"Никола Йонков Вапцаров\"'),('1208007',12,111,530,'Професионална гимназия по икономика и туризъм'),('1209002',12,113,509,'II Основно училище\"Константин Фотинов\"'),('1209003',12,113,509,'Средно общообразователно училище \"Отец Паисий\"'),('1209004',12,113,509,'ІV Основно училище \"Христо Ботев\"'),('1209005',12,113,509,'Средно общообразователно училище \"Димитър Маринов\''),('1209006',12,113,509,'Профилирана гимназия \"Найден Геров\"'),('1209007',12,113,531,'Основно училище \"Кирил и Методий\"'),('1209008',12,113,532,'Основно училище \"Св.св.Кирил и Методий\"'),('1209010',12,113,510,'Основно училище \"Климент Охридски\"'),('1209012',12,113,509,'Професионална гимназия по производствени технологии'),('1209013',12,113,532,'Професионална Гимназия по Селско Стопанство\"Дунавска земя\"'),('1209014',12,113,509,'Помощно училище \"Д-р Петър Берон\"'),('1300015',13,118,599,'Средно общообразователно училище \"Кирил и Методий\"'),('1300034',13,125,533,'Основно училище \"Петко Рачов Славейков\"'),('1300054',13,126,534,'ОСНОВНО УЧИЛИЩЕ \"НЕОФИТ РИЛСКИ\"'),('1300706',13,121,535,'Средно общообразователно училище \"Св. св. КИРИЛ И МЕТОДИЙ\"'),('1301013',13,127,578,'ПРОФЕСИОНАЛНА ГИМНАЗИЯ по ТРАНСПОРТ'),('1301134',13,123,536,'ОСНОВНО УЧИЛИЩЕ \"ВАСИЛ ЛЕВСКИ\"'),('1301139',13,123,537,'Професионална гимназия по икономика и мениджмънт'),('1301215',13,123,537,'Начално училище \"ВАСИЛ ЛЕВСКИ\"'),('1301222',13,123,537,'Начално училище \"Отец Паисий\"'),('1301234',13,123,537,'Средно общообразователно училище \'Димитър Гачев\''),('1301247',13,123,537,'Начално училище \"Васил Друмев\"'),('1301254',13,123,537,'Начално училище \"Георги Сава Раковски\"'),('1301329',13,125,533,'Начално Училище \" Михаил Каролиди \"'),('1301343',13,125,533,'Начално Училище \"Михаил Куманов\"'),('1301368',13,127,559,'Начално училище \"Васил Левски\"'),('1301375',13,128,565,'Начално училище \"П. Хилендарски\"'),('1301382',13,121,566,'Основно Училище \"Васил Левски\"'),('1301514',13,121,567,'Основно училище \"Иван Вазов\"'),('1301521',13,127,568,'Начално училище \"Св. св. Кирил и Методий\"'),('1301566',13,120,538,'Средно общообразователно училище \"Народни будители\"'),('1301610',13,121,569,'Основно училище \"Д-р Петър Берон\"'),('1301628',13,121,570,'Основно училище \"Васил Левски\"'),('1301654',13,123,554,'Начално училище \"Кирил и Методий\"'),('1301674',13,121,555,'Средно общообразователно училище \"Св. Св. Кирил и Методий\"'),('1301699',13,121,555,'Основно училище \" Христо Ботев \"'),('1301707',13,121,555,'Основно училище \"Георги Бенковски\"'),('1301717',13,123,537,'Oсновно училище \"Проф. Иван Батаклиев\"'),('1301724',13,123,537,'Прогимназия \"Св. Св. Кирил и Методий\"'),('1301731',13,124,539,'Основно училище \"Професор Марин Дринов\"'),('1301749',13,124,539,'Основно училище \"Двайсти април\"'),('1301763',13,125,533,'Основно училище \"Свети Патриарх Евтимий\"'),('1301770',13,126,540,'Средно общообразователно училище \"Свети Климент Охридски\"'),('1301788',13,127,559,'Средно общообразователно училище \"Христо Ботев\"'),('1301806',13,127,571,'Основно училище \"Никола Йонков Вапцаров\"'),('1301810',13,127,572,'Основно училище ”Св.св.Кирил и Методий”'),('1301811',13,121,555,'ПОМОЩНО УЧИЛИЩЕ \"ДРАГАН МАНЧОВ\"'),('1301813',13,127,541,'Основно училище \"Христо Смирненски\"'),('1301820',13,127,573,'Основно училище \"Христо Смирненски\"'),('1301838',13,127,574,'Основно училище \"Христо Ботев\"'),('1301845',13,127,575,'Основно училище \"Св. Св. Кирил и Методий\"'),('1301852',13,121,576,'Средно общообразователно училище \"Методий Драгинов\"'),('1301860',13,123,577,'Основно училище \"Васил Левски\"'),('1301891',13,127,542,'Основно училище \"Св.Св.Кирил и Методий\"'),('1301902',13,127,578,'ОСНОВНО УЧИЛИЩЕ \" ГЕОРГИ БЕНКОВСКИ \"'),('1301911',13,123,537,'ПРОФЕСИОНАЛНА ГИМНАЗИЯ ПО СЕЛСКО СТОПАНСТВО \"ЦАРИЦА ЙОАННА\"'),('1301980',13,123,579,'Основно училище \"Христо Ботев\"'),('1302025',13,123,543,'Основно училище \"Христо Ботев\"'),('1302032',13,123,544,'Основно училище \"Васил Левски\"'),('1302043',13,123,545,'Основно училище \"Константин Величков \"'),('1302064',13,127,580,'ОСНОВНО УЧИЛИЩЕ \"ХРИСТО БОТЕВ\"'),('1302071',13,120,581,'Основно училище \"Христо Ботев\"'),('1302096',13,120,582,'ОСНОВНО УЧИЛИЩЕ \"ХРИСТО БОТЕВ\"'),('1302114',13,122,583,'Основно Училище \"Христо Ботев \"'),('1302139',13,122,584,'Средно Общообразователно Училище \"Христо Ботев\"'),('1302146',13,123,546,'ОСНОВНО УЧИЛИЩЕ \" СВ. СВ. КИРИЛ И МЕТОДИЙ\"'),('1302153',13,123,547,'Основно училище \"Св.Св. Кирил и Методий\"'),('1302178',13,123,585,'Основно училище \"Отец Паисий\"'),('1302185',13,123,586,'Основно училище \"Отец Паисий\"'),('1302192',13,123,587,'ОСНОВНО УЧИЛИЩЕ\"ГЕОРГИ БЕНКОВСКИ\"'),('1302228',13,123,548,'Основно училище \"Св. Климент Охридски\"'),('1302235',13,123,549,'Основно училище\"Свети Свети Кирил и Методий\"'),('1302281',13,125,588,'ОСНОВНО УЧИЛИЩЕ\"ПАИСИЙ ХИЛЕНДАРСКИ\"'),('1302299',13,123,550,'ОсновноУчилище \" Кочо Честименски \"'),('1302301',13,124,589,'ОСНОВНО УЧИЛИЩЕ \"ОТЕЦ ПАИСИЙ\"'),('1302324',13,126,590,'Основно училище \"Христо Ботев\"'),('1302349',13,121,551,'Средно общообразователно училище \"Христо Смирненски\"'),('1302406',13,121,591,'Основно училище\" Георги Сава Раковски\"'),('1302420',13,118,592,'Основно училище \"Св. Климент Охридски\"'),('1302438',13,121,593,'Основно Училище \" Христо Ботев \"'),('1302445',13,122,594,'Основно училище \"Христо Ботев\"'),('1302453',13,123,552,'Основно училище \"Свети Климент Охридски\"'),('1302484',13,123,553,'ОСНОВНО УЧИЛИЩЕ\"СВ.СВ.КИРИЛ И МЕТОДИЙ\"'),('1302491',13,118,556,'Основно училище \"Отец Паисий\"'),('1302502',13,123,537,'Първо основно училище \"Св. Климент Охридски\"'),('1302517',13,123,537,'Основно училище \"Стефан Захариев\"'),('1302534',13,123,537,'Седмо основно училище \"Христо Ботев\"'),('1302566',13,123,554,'Прогимназия \"Асен Златаров\"'),('1302573',13,121,555,'Средно общообразователно училище \"Васил Левски\"'),('1302580',13,123,537,'Гимназия \"Иван Сергеевич Аксаков\"'),('1302623',13,124,539,'Средно общообразователно училище \"Нешо Бончев\"'),('1302630',13,125,533,'Средно общообразователно училище \"Свети Климент Охридски\"'),('1302648',13,126,540,'Средно общообразователно оздравително училище \"Христо Смирненски\"'),('1302662',13,128,565,'Средно общообразователно училище \"Св.Св. Кирил и Методий\"'),('1302687',13,126,540,'Помощно училище \"Д-р Петър Берон\"'),('1302705',13,123,537,'Помощно училище интернат \"Иван Вазов\"'),('1302722',13,126,540,'Възпитателно училище-интернат I-XII клас \"Ангел Узунов\"'),('1302744',13,120,538,'Професионална гимназия по строителство и архитектура'),('1302769',13,123,537,'Професионална гимназия по механоелектротехника'),('1302783',13,118,556,'Професионална гимназия по горско стопанство и дървообработване \"Стефан Божков\"'),('1302819',13,125,533,'Професионална гимназия по хранително- вкусови технологии \"Атанас Ченгелев\"'),('1302961',13,123,537,'Професионална гимназия по химични и хранителни технологии'),('1302979',13,121,555,'ПРОФЕСИОНАЛНА ГИМНАЗИЯ ПО ДЪРВООБРАБОТВАНЕ \"ИВАН ВАЗОВ\"'),('1302993',13,127,559,'Професионална гимназия по механизация на земеделското стопанство'),('1303006',13,123,537,'ПРОФЕСИОНАЛНА ГИМНАЗИЯ ПО ПРОМИШЛЕНИ ТЕХНОЛОГИИ'),('1303321',13,123,557,'Основно Училище \"Васил Априлов\"'),('1303344',13,123,537,'Професионална гимназия по облекло'),('1303456',13,123,558,'Основно училище \'Отец Паисий\''),('1303889',13,127,559,'Средно общообразователно училище \"Христо Смирненски\"'),('1304231',13,121,555,'Професионална гимназия по икономика и туризъм \"Алеко Константинов\"'),('1304290',13,123,537,'ЕЗИКОВА ГИМНАЗИЯ \"БЕРТОЛТ БРЕХТ\"'),('1304332',13,123,537,'Професионална гимназия по строителство и архитектура'),('1304357',13,125,533,'Основно училище \"Любен Каравелов\"'),('1304532',13,126,540,'ОСНОВНО УЧИЛИЩЕ \"ХРИСТО БОТЕВ\"'),('1304923',13,121,595,'Основно училище \"Никола Вапцаров\"'),('1304930',13,123,537,'Основно училище \"Христо Смирненски\"'),('1304948',13,123,537,'Средно общообразователно училище \"Георги Бенковски\"'),('1305320',13,123,537,'Начално училище \"Никола Фурнаджиев\"'),('1305338',13,123,537,'Средно общообразователно училище \"Георги Брегов\"'),('1305555',13,124,596,'ОСНОВНО УЧИЛИЩЕ \"СВЕЩЕНИК НЕДЕЛЬО ИВАНОВ\"'),('1305587',13,124,539,'Професионална гимназия по индустриални технологии, мениджмънт и туризъм'),('1305831',13,123,537,'Средно общообразователно училище \"Д-р Петър Берон\"'),('1306811',13,121,555,'Основно училище \" Неофит Рилски \"'),('1307213',13,120,538,'Начално Училище \"Васил Петлешков\"'),('1307267',13,123,537,'ОСНОВНО УЧИЛИЩЕ \"ЛЮБЕН КАРАВЕЛОВ\"'),('1307598',13,123,560,'Основно училище\"Христо Ботев\"'),('1307713',13,123,561,'ОСНОВНО УЧИЛИЩЕ \"ХРИСТО БОТЕВ\"'),('1307893',13,125,533,'Професионална гимназия по лека промишленост и машиностроене \"Васил Левски\"'),('1308553',13,119,597,'ОСНОВНО УЧИЛИЩЕ \"ОТЕЦ ПАИСИЙ\"'),('1308560',13,119,562,'Основно училище \"Отец Паисий\"'),('1308578',13,119,563,'Основно училище \"Св. Климент Охридски\"'),('1308667',13,119,564,'СРЕДНО ОБЩООБРАЗОВАТЕЛНО УЧИЛИЩЕ \"АЛЕКСАНДЪР ИВАНОВ - ЧАПАЙ\"'),('1309018',13,123,537,'МАТЕМАТИЧЕСКА ГИМНАЗИЯ „Константин Величков”'),('1309813',13,122,598,'Основно училище \"Кочо Честеменски\"'),('1311390',13,121,555,'Професионална гимназия по горско стопанство\"Христо Ботев\"'),('1400841',14,129,600,'Основно училище \"Христо Смирненски\"'),('1400842',14,129,605,'Средно общообразователно училище \"Васил Левски\"'),('1400843',14,129,605,'Професионална гимназия по селско стопанство \"Никола Йонков Вапцаров\"'),('1401946',14,130,606,'Средно общообразователно училище \"Свeти свети Кирил и Методий\"'),('1402258',14,131,607,'Основно училище \"Свети Свети Кирил и Методий\"'),('1403201',14,132,601,'Основно училище \"Свети Иван Рилски\"'),('1403202',14,132,601,'VІІ Основно училище \"Георги Сава Раковски\"'),('1403203',14,132,601,'VІІІ основно училище \"Кракра Пернишки\"'),('1403204',14,132,601,'Девето основно училище \"Темелко Ненков\"'),('1403205',14,132,601,'Х ОУ \"Алеко Константинов\"'),('1403206',14,132,601,'ХІ Основно Училище \"Елин Пелин\"'),('1403207',14,132,601,'ХІІ Основно училище \"Васил Левски\"'),('1403208',14,132,601,'XIII Основно Училище Свети Свети Кирил и Методий'),('1403211',14,132,601,'Основно училище \"Свети Константин Кирил Философ\"'),('1403212',14,132,601,'Средно общообразователно училище \"Свети Климент Охридски\"'),('1403213',14,132,601,'Пето средно общообразователно училище \"Петко Рачов Славейков\"'),('1403214',14,132,601,'VІ средно общообразователно училище \"Свети Свети Кирил и Методий \"'),('1403215',14,132,601,'XVI Основно училище \"Свети Свети Кирил и Методий\"'),('1403216',14,132,601,'СОУ с разширено изучаване на чужди езици \"Д-р Петър Берон\"'),('1403217',14,132,601,'Спортно училище \"Олимпиец\"'),('1403218',14,132,602,'Основно училище \"Христо Ботев\"'),('1403219',14,132,601,'Природо-математическа гимназия \"Христо Смирненски\"'),('1403220',14,132,601,'Гимназия с преподаване на чужди езици \"Симеон Радев\"'),('1403221',14,132,608,'Основно училище \"Васил Левски\"'),('1403222',14,132,609,'ОУ \"Свети Климент Охридски\"'),('1403223',14,132,610,'Основно училище \"Свети Свети Кирил и Методий\"'),('1403227',14,132,611,'Основно училище \"Отец Паисий\"'),('1403228',14,132,612,'ОСНОВНО УЧИЛИЩЕ \"СВЕТИ СВЕТИ КИРИЛ И МЕТОДИЙ\"'),('1403229',14,132,603,'Основно училище \"Свети Климент Охридски\"'),('1403231',14,132,601,'Помощно училище интернат \"Любен Каравелов\"'),('1403232',14,132,601,'Професионална техническа гимназия \"Юрий Гагарин\"'),('1403233',14,132,601,'Професионална гимназия по енергетика и минна промишленост \"Христо Ботев\"'),('1403234',14,132,601,'Професионална гимназия по техника и строителство \"Арх. Йордан Миланов\"'),('1403235',14,132,601,'Технологична професионална гимназия \"Мария Кюри\"'),('1403236',14,132,601,'Професионална гимназия по икономика'),('1403237',14,132,601,'Професионална гимназия по облекло и туризъм \"Свети Иван Рилски\"'),('1403648',14,133,604,'Начално училище \"Архимандрит Зиновий\"'),('1403650',14,133,604,'Основно училище \"Христо Смирненски\"'),('1403652',14,133,613,'Основно училище \"Иван Вазов\"'),('1403653',14,133,614,'Основно училище \"Христо Ботев\"'),('1403654',14,133,615,'Средно общообразователно училище \"Христо Ботев\"'),('1403655',14,133,604,'Средно общообразователно училище \"Свети Свети Кирил и Методий\"'),('1403656',14,133,604,'Техническа професионална гимназия \"Никола Йонков Вапцаров\"'),('1403657',14,133,604,'Професионална гимназия по транспорт \"Юрий Гагарин\"'),('1405144',14,134,616,'Средно общообразователно училище \"Гео Милев\"'),('1500101',15,143,617,'Начално училище \"Единство\"'),('1500102',15,143,617,'Начално училище \"Христо Ботев\"'),('1500103',15,143,617,'Hачално училище \"Патриарх Евтимий\"'),('1500105',15,143,617,'Начално училище \"Отец Паисий\"'),('1500106',15,143,664,'Начално училище \"Св.св. Кирил и Методий\"'),('1500107',15,143,665,'Начално училище \"Отец Паисий\" с общежитие'),('1500108',15,143,666,'Начално училище \"Христо Ботев\"'),('1500109',15,143,617,'Основно училище \"Никола Йонков Вапцаров\"'),('1500110',15,143,617,'Основно училище \"Д-р Петър Берон\"'),('1500112',15,143,617,'Основно училищe \"Свети Климент Охридски\"'),('1500113',15,143,617,'Основно училище \"Васил Левски\"'),('1500114',15,143,617,'Основно училище \"Йордан Йовков\"'),('1500115',15,143,617,'Основно училище \"Лазар Станев\"'),('1500117',15,143,667,'Основно училище \"Христо Ботев\" с общежитие'),('1500118',15,143,668,'Основно училище \"Отец Паисий\"'),('1500119',15,143,669,'Основно училище \"Свети Климент Охридски\"'),('1500121',15,143,670,'Основно училище \"Васил Левски\"'),('1500123',15,143,671,'Основно училище \"Христо Ботев\"'),('1500124',15,143,672,'Основно училище \"Св.Св.Кирил и Методий\"'),('1500125',15,143,673,'Основно училище \"Христо Ботев\"'),('1500126',15,143,674,'Основно училище \"Антон Страшимиров\"'),('1500127',15,143,675,'Основно училище \"Свети свети Кирил и Методий\"'),('1500128',15,143,676,'ОСНОВНО УЧИЛИЩЕ\"Св.Св.Кирил и Методий\"'),('1500129',15,143,617,'Прогимназия \"Цветан Спасов\"'),('1500130',15,143,617,'Математическа гимназия \"Гео Милев\"'),('1500131',15,143,617,'Гимназия с преподаване на чужди езици'),('1500132',15,143,617,'Средно общообразователно училище \"Анастасия Димитрова\"'),('1500133',15,143,617,'Средно общообразователно училище \"Стоян Заимов\"'),('1500134',15,143,617,'Средно общообразователно училище \" ИВАН ВАЗОВ \"'),('1500135',15,143,617,'Средно общообразователно училище \"Пейо Крачолов Яворов\"'),('1500136',15,143,617,'Средно Общообразователно Училище \"Христо Смирненски\"'),('1500137',15,143,664,'Средно общообразователно училище \"Христо Ботев\"'),('1500138',15,143,617,'Спортно училище \"Георги Бенковски\"'),('1500140',15,143,617,'ДЪРЖАВНА ФИНАНСОВО-СТОПАНСКА ГИМНАЗИЯ \"ИНТЕЛЕКТ\"'),('1500141',15,143,617,'Професионална гимназия по механоелектротехника'),('1500142',15,143,617,'Професионална гимназия по хранително-вкусови технологии \"Луи Пастьор\"'),('1500143',15,143,617,'Професионална Гимназия по Мениджмънт и Хранителни Технологии'),('1500144',15,143,617,'Професионална гимназия по строителство, архитектура и геодезия \"Никола Фичев\"'),('1500145',15,143,617,'Професионална гимназия по транспорт \"Проф. Цветан Лазаров\"'),('1500146',15,143,617,'Професионална гимназия по лозарство и винарство \"Александър Стамболийски\"'),('1500147',15,143,617,'Професионална гимназия по облекло и текстил \"Христо Бояджиев\"'),('1500148',15,143,617,'Професионална гимназия по електроника и химични технологии \"Проф. Асен Златаров\"'),('1500149',15,143,617,'Професионална гимназия по ресторантьорство, търговия и обслужване'),('1500151',15,143,617,'Професионална гимназия по подемна, строителна и транспортна техника \"Г.С.Раковски\"'),('1500152',15,143,617,'ПРОФЕСИОНАЛНА ГИМНАЗИЯ \"ЗАХАРИЙ ЗОГРАФ\"'),('1500153',15,143,617,'Професионална гимназия по туризъм \"Алеко Константинов\"'),('1500154',15,143,617,'Начално болнично училище'),('1500155',15,143,617,'Помощно училище \"Петко Рачев Славейков\"'),('1500203',15,145,618,'Основно училище \"Христо Смирненски\"'),('1500204',15,145,618,'Основно училище \"Алеко Константинов\"'),('1500206',15,145,659,'Основно училище \"Христо Ботев\"'),('1500207',15,145,619,'Основно училище \"Христо Ботев\"'),('1500209',15,145,660,'Основно училище \"Христо Ботев\"'),('1500210',15,145,661,'Основно училище \"Отец Паисий\"'),('1500213',15,145,662,'Основно училище \"Отец Паисий\"'),('1500215',15,145,618,'Средно общообразователно училище \"Д-р Петър Берон\"'),('1500216',15,145,663,'Средно общообразователно училище \" Христо Смирненски\"'),('1500217',15,145,618,'Професионална гимназия по хранителни технологии \"Юрий Гагарин\"'),('1500218',15,145,618,'Професионална гимназия по механоелектротехника \"Девети май\"'),('1500219',15,145,618,'Търговска гимназия \" Васил Априлов \"'),('1500220',15,145,619,'Професионална гимназия по земеделско стопанство \"Александър Стамболийски\"'),('1500303',15,144,620,'Основно училище \"Христо Ботев\"'),('1500304',15,144,621,'Основно училище \"Никола Йонков Вапцаров\"'),('1500305',15,144,622,'Средно общообразователно училище \"Свети Свети Кирил и Методий\"'),('1500306',15,144,622,'Професионална гимназия по селско стопанство \"Д-р Едуард Хаскел\"'),('1500307',15,144,623,'Основно училище \"Свети Свети Кирил и Методий\"'),('1500401',15,139,624,'Основно училище \"Васил Левски\"'),('1500402',15,139,625,'Начално училище \"Христо Ботев\"'),('1500403',15,139,626,'Основно училище \"Христо Ботев\"'),('1500404',15,139,627,'Средно общообразователно училище \"Христо Смирненски\"'),('1500501',15,138,628,'Начално училище \"Св.Св. Кирил и Методий\"'),('1500502',15,138,629,'Основно училище \"Свети Свети Кирил и Методий\"'),('1500503',15,138,630,'Оновно училище \"Христо Ботев\"'),('1500504',15,138,631,'Основно училище \"Св. Св. Кирил и Методий\"'),('1500505',15,138,632,'Основно училище \"Св. Св. Кирил и Методий\"\"'),('1500506',15,138,633,'Основно училище \"Неофит Рилски\"'),('1500507',15,138,628,'Средно общообразователно училище \"Христо Ботев\"'),('1500508',15,138,628,'Професионална гимназия по добив на полезни изкопаеми и газоснабдяване \"Проф.Георги Златарски\"'),('1500509',15,138,628,'Професионална гимназия по селско стопанство \"Професор Иван Иванов\"'),('1500510',15,138,628,'Помощно училище - интернат \"Асен Киселинчев\"'),('1500601',15,141,634,'Начално училище \"Христо Ботев\"'),('1500602',15,141,634,'Основно училище \"Максим Горки\"'),('1500603',15,141,635,'Основно училище \"Христо Ботев\"'),('1500604',15,141,636,'Основно училище \"Христо Ботев\"'),('1500607',15,141,637,'Основно училище \"Васил Левски\"'),('1500608',15,141,638,'Основно училище \"Неофит Рилски\"'),('1500611',15,141,634,'Средно общообразователно училище \"Крум Попов\"'),('1500612',15,141,634,'Професионална гимназия по транспорт и лека промишленост'),('1500613',15,141,634,'Професионална гимназия по селско стопанство \"Никола Йонков Вапцаров\"'),('1500702',15,135,639,'Основно училище \"Васил Левски\"'),('1500703',15,135,640,'Основно училище \"Проф. Иван Шишманов\"'),('1500705',15,135,639,'СОУ \"Димчо Дебелянов\"'),('1500706',15,135,639,'Професионална гимназия по ядрена енергетика \"Мария Склодовска - Кюри\"'),('1500804',15,136,641,'Основно училище \"Христо Ботев\"'),('1500807',15,136,642,'Средно общообразователно училище \"Христо Смирненски\"'),('1500808',15,136,643,'Средно общообразователно училище \"Асен Златаров\"'),('1500903',15,137,644,'Основно училище \"Христо Ботев\"'),('1500905',15,137,645,'Основно училище \"Св.св.Кирил и Методий\"'),('1500906',15,137,646,'Основно училище \"Христо Ботев\"'),('1500907',15,137,647,'Основно училище \"Климент Охридски\"'),('1500908',15,137,648,'Основно училище \"Христо Смирненски\"'),('1500913',15,137,649,'Основно училище \"Свети Свети Кирил и Методий\"'),('1500914',15,137,650,'Средно общообразователно училище \"Васил Априлов\"'),('1500915',15,137,651,'Средно общообразователно училище \"Евлоги Георгиев\"'),('1500916',15,137,652,'Средно професионално възпитателно училище - интернат \"Христо Ботев\"'),('1501006',15,142,653,'Основно училище \"Патриарх Евтимий\"'),('1501007',15,142,654,'Средно общообразователно училище \"Христо Ботев\"'),('1501101',15,140,655,'Начално училище \"Кнежица\" с филиал'),('1501102',15,140,655,'Основно училище \"Васил Левски\"'),('1501103',15,140,655,'Основно училище \" Отец Паисий\"'),('1501104',15,140,656,'Основно училище Христо Ботев'),('1501105',15,140,657,'Основно училище\"Васил Левски \"'),('1501108',15,140,655,'Средно общообразователно училище \"Неофит Рилски\"'),('1501109',15,140,655,'Професионална гимназия по земеделие \"Стефан Цанов\"'),('1501110',15,140,655,'Професионална гимназия по механоелектротехника \" Христо Смирненски \" гр. Кнежа обл. Плевен'),('1501136',15,136,658,'Основно училище \"Христо Ботев\"'),('1600101',16,146,719,'Основно училище \"Ангел Кънчев\"'),('1600102',16,146,719,'Основно училище \"Христо Ботев\"'),('1600103',16,146,719,'Основно училище \"Отец Паисий\" - Асеновград'),('1600104',16,146,719,'Основно училище \"Петко Каравелов\"'),('1600105',16,146,719,'Основно училище \"Никола Йонков Вапцаров\"'),('1600106',16,146,719,'Основно училище \"Райна Княгиня\"'),('1600107',16,146,719,'Основно училище \"Панайот Волов\"'),('1600108',16,146,720,'Основно училище \"Професор д-р Асен Златаров\"'),('1600110',16,146,721,'Основно училище \"Христо Смирненски\"'),('1600111',16,146,722,'Основно училище \"Отец Паисий\"'),('1600113',16,146,678,'Основно училище \"Климент Охридски\"'),('1600114',16,146,719,'Средно общообразователно училище \"Свети княз Борис I\"'),('1600115',16,146,723,'Основно училище \"Отец Паисий\"'),('1600116',16,146,719,'Средно общообразователно училище \"Свети свети Кирил и Методий\"'),('1600120',16,146,719,'Помощно училище \"Свети Архангел Михаил\"'),('1600128',16,146,719,'Професионална гимназия \" Свети Патриарх Евтимий \"'),('1600617',16,146,719,'Професионална гимназия по Хранително-вкусови технологии \"Св. Димитрий Солунски\"'),('1600618',16,146,719,'Професионална гимназия \"Цар Иван Асен ІІ\"'),('1600623',16,149,724,'Професионална гимназия по икономика \"Тодор Генчов Влайков\"'),('1600702',16,147,725,'Прогимназия \"Отец Паисий\"'),('1600703',16,147,726,'Основно училище \"Свети Свети Кирил и Методий\"'),('1600704',16,147,727,'Начално училище \"Свети Свети Кирил и Методий\"'),('1600705',16,147,728,'Средно общообразователно училище \"Христо Смирненски\"'),('1600706',16,147,728,'ПРОФЕСИОНАЛНА ГИМНАЗИЯ \"ЗЛАТЮ БОЯДЖИЕВ\" ГР. БРЕЗОВО'),('1601101',16,151,729,'Средно Общообразователно Училище \"Отец Паисий\"'),('1601102',16,151,729,'Професионална гимназия по селско стопанство'),('1601201',16,148,730,'Основно училище \"Иван Вазов\"'),('1601202',16,148,680,'Основно училище \"Христо Смирненски\"'),('1601203',16,148,731,'Основно училище \"Христо Ботев\"'),('1601204',16,148,732,'Основно училище \"Христо Ботев\"'),('1601206',16,148,679,'Основно училище \"Отец Паисий\"'),('1601301',16,149,733,'Средно общообразователно училище \"Васил Левски\"'),('1601302',16,149,733,'Средно общообразователно училище \"Христо Проданов\"'),('1601303',16,160,681,'Средно общообразователно училище \"Иван Вазов\"'),('1601304',16,149,733,'Основно училище \"Св. Св. Кирил и Методий\"'),('1601305',16,149,733,'Основно училище \"Райно Попович\"'),('1601306',16,149,734,'Основно училище \"Христо Ботев\"'),('1601307',16,149,735,'Основно училище \"Христо Г. Данов\"'),('1601308',16,149,736,'Основно училище \"Васил Левски\"'),('1601309',16,149,737,'Основно училище \"Свети Свети Кирил и Методий\"'),('1601316',16,149,738,'Основно училище \"Неофит Рилски\"'),('1601317',16,149,739,'Основно училище \"Генерал Карцов\"'),('1601318',16,149,724,'Основно училище \"Христо Груев Данов\"'),('1601320',16,160,681,'Начално училище \"Неделя Петкова\"'),('1601321',16,149,740,'Начално училище \"Васил Левски\"'),('1601361',16,149,733,'Професионална гимназия по железопътен транспорт \"Христо Смирненски\"'),('1601363',16,160,681,'Професионална гимназия \"Генерал Владимир Заимов\"'),('1601364',16,149,733,'Професионална гимназия \"Братя Евлогий и Христо Георгиеви\"'),('1601365',16,149,734,'Професионална гимназия по облекло \"Иванка Ботева\"'),('1601401',16,150,741,'Начално училище ,,Васил Левски\"'),('1601402',16,150,741,'Начално училище \"Св. св. Кирил и Методий\"'),('1601403',16,150,741,'Средно общообразователно училище \"Петко Рачов Славейков\"'),('1601501',16,152,742,'Средно общообразователно училище \"Христо Ботев\"'),('1601700',16,153,743,'Начално училище \"Отец Паисий\"'),('1601701',16,153,744,'Основно училище \"Климент Охридски\"'),('1601702',16,153,745,'Основно училище \"Св. Св. Кирил и Методий\"'),('1601703',16,153,682,'Основно училище \"Дядо Иван Арабаджията\"'),('1601704',16,153,746,'Основно училище \"Георги Бенковски\"'),('1601705',16,153,747,'Основно училище \"Граф Николай Игнатиев\"'),('1601706',16,153,748,'Основно училище \"Христо Смирненски\"'),('1601707',16,153,749,'Основно училище \"Свети Свети Кирил и Методий\"'),('1601708',16,153,750,'Основно училище \"Васил Левски\"'),('1601709',16,153,751,'Основно училище \"Свети Свети Кирил и Методий\"'),('1601710',16,153,752,'Основно училище \"Васил Левски\"'),('1601711',16,153,683,'Основно Училище \'Свети Свети Кирил и Методий\"'),('1601721',16,153,753,'Начално училище \"Св.Климент Охридски\"'),('1602301',16,156,684,'Основно училище \"Св.св. Кирил и Методий\"'),('1602302',16,156,684,'Основно Училище \"Георги Караславов\"'),('1602303',16,156,685,'Основно училище \"Христо Ботев\"'),('1602304',16,156,686,'Основно училище \"Отец Паисий\"'),('1602305',16,156,754,'Основно училище \"Свети свети Кирил и Методий\"'),('1602306',16,156,755,'Основно училище \"Васил Априлов\"'),('1602307',16,156,761,'ОУ \"Св. Св. Кирил и Методий\"'),('1602308',16,156,756,'Основно училище \"Любен Каравелов\"'),('1602309',16,156,710,'Основно училище \"д-р Петър Берон\"'),('1602310',16,156,687,'Основно училище \"Христо Ботев\"'),('1602311',16,156,684,'Начално училище \"Христо Ботев\"'),('1602313',16,156,757,'Начално училище \"Петко Рачев Славейков\"'),('1602314',16,156,684,'Средно общообразователно училище \"Проф. д-р Асен Златаров\"'),('1602315',16,156,684,'Професионална гимназия по селско стопанство\"Васил Левски\"'),('1602401',16,154,758,'ОСНОВНО УЧИЛИЩЕ \"ПЕТЪР БОНЕВ\"'),('1602402',16,154,758,'Професионална гимназия по лозарство и винарство \"Христо Ботев\"'),('1602502',16,157,688,'Основно училище \"Христо Ботев\"'),('1602503',16,157,688,'Основно училище \"Христо Смирненски\"'),('1602504',16,157,711,'Основно училище \"Отец Паисий\"'),('1602505',16,157,689,'Основно училище \"Д-р Петър Берон\"'),('1602506',16,157,690,'Основно училище \"Христо Ботев\"'),('1602507',16,157,691,'Средно общообразователно училище \"Гео Милев\"'),('1602510',16,157,691,'Професионална гимназия по селско стопанство'),('1602511',16,157,688,'Професионална гимназия \"Петър Парчевич\"'),('1602602',16,158,692,'Основно Училище \" Пенчо Славейков\"'),('1602603',16,158,693,'Основно училище \"Св.Св. Кирил и Методий\"'),('1602604',16,158,694,'Основно училище \"Васил Левски\"'),('1602605',16,158,695,'Основно училище \"Христо Ботев\"'),('1602606',16,158,696,'Основно училище \" Свети Свети Кирил и Методий\"'),('1602607',16,158,697,'ОУ \"Св. Св. Кирил и Методий\"'),('1602608',16,158,712,'Основно училище \" Свети Свети Кирил и Методий \"'),('1602609',16,158,698,'Основно училище \"Свети Свети Кирил и Методий\"'),('1602611',16,158,699,'Основно Училище \"Паисий Хилендарски\"'),('1602612',16,158,759,'Основно училище \"Неофит Рилски\"'),('1602613',16,158,700,'Основно училище \"Христо Ботев\" с. Крумово, Пловдивско'),('1602801',16,159,701,'Основно училище \"Христо Ботев\"'),('1602803',16,159,702,'Основно Училище \"Гео Милев\"'),('1602804',16,159,703,'Основно училище \"Свети Свети Кирил и Методий\"'),('1602805',16,159,704,'Основно училище \" Христо Ботев \"'),('1602806',16,159,705,'Основно училище с. Богданица'),('1602807',16,159,677,'Основно училище \"Васил Левски\"'),('1602808',16,159,706,'Основно училище\"Георги Сава Раковски \"'),('1602810',16,159,702,'Селскостопанска гимназия'),('1602901',16,161,707,'Основно училище \"Христо Ботев\" с. Йоаким Груево'),('1602902',16,161,713,'Основно училище \"Св. Св. Кирил и Методий\"'),('1602903',16,161,714,'Основно училище \" Христо Смирненски \"'),('1602904',16,161,715,'Основно училище \"Христо Ботев\"'),('1602905',16,161,715,'Основно училище \"Христо Смирненски\"'),('1602906',16,161,716,'Основно училище \"Васил Левски\"'),('1602907',16,161,715,'Средно общообразователно училище Отец Паисий'),('1603301',16,162,760,'Средно общообразователно училище \"Христо Ботев\"'),('1603302',16,162,760,'Начално училище\"Любен Каравелов\"'),('1603703',16,163,717,'Основно училище \" Христо Ботев \"'),('1603704',16,163,718,'Основно училище \"Васил Левски\"'),('1603705',16,163,718,'Основно училище \"Климент Охридски\"'),('1603706',16,163,708,'Основно училище \" Христо Ботев \"'),('1603707',16,163,718,'Основно оздравително училище \"Свети Иван Рилски\"'),('1603708',16,163,718,'Средно общообразователно училище \"Христо Смирненски\"'),('1690142',16,155,709,'Основно училище \"Алеко Константинов\"'),('1690143',16,155,709,'ОУ \"Виктория и Крикор Тютюнджян\"'),('1690144',16,155,709,'Основно училище Гео Милев'),('1690145',16,155,709,'Основно училище Георги Бенковски'),('1690146',16,155,709,'Основно Училище \"Д-р Петър Берон\"'),('1690147',16,155,709,'ХІ-то основно училище \"Душо Хаджидеков\"'),('1690148',16,155,709,'Основно училище \"Екзарх Антим І\"'),('1690149',16,155,709,'Основно училище \"Кочо Честеменски\" Пловдив'),('1690150',16,155,709,'Средно общообразователно училище \"Любен Каравелов\"'),('1690151',16,155,709,'Основно училище \"Христо Смирненски\"'),('1690152',16,155,709,'Основно училище \"Княз Александър I\"'),('1690153',16,155,709,'Гимназия с хуманитарен профил \"Св. Св. Кирил и Методий\"'),('1690154',16,155,709,'Средно общообразователно училище \"ПАИСИЙ ХИЛЕНДАРСКИ \"'),('1690155',16,155,709,'Средно общообразователно училище \"Свети Климент Охридски\"'),('1690156',16,155,709,'Средно общообразователно училище \"Свети Патриарх Евтимий\"'),('1690157',16,155,709,'Средно общообразователно училище \"Цар Симеон Велики\"'),('1690171',16,155,709,'Основно болнично училище \"Свети Иван Рилски\"'),('1690174',16,155,709,'Професионална гимназия по електротехника и електроника'),('1690175',16,155,709,'Национална търговска гимназия - Пловдив'),('1690176',16,155,709,'Професионална гимназия по облекло \"Ана Май\"'),('1690177',16,155,709,'Професионална гимназия по вътрешна архитектура и дървообработване \"Христо Ботев\"'),('1690178',16,155,709,'Професионална гимназия по туризъм \"Проф. д-р Асен Златаров\"'),('1690179',16,155,709,'Професионална гимназия по битова техника'),('1690187',16,155,709,'Средно общообразователно духовно училище'),('1690242',16,155,709,'39-то Начално училище \"Кирил Нектариев\"'),('1690243',16,155,709,'Начално училище \" Петко Рачов Славейков \"'),('1690244',16,155,709,'Основно училище \"Васил Левски\"'),('1690245',16,155,709,'Основно училище \"Димчо Дебелянов\"'),('1690246',16,155,709,'Основно училище \"Пенчо Славейков\"'),('1690247',16,155,709,'СРЕДНО ОБЩООБРАЗОВАТЕЛНО УЧИЛИЩЕ \"НАЙДЕН ГЕРОВ\"'),('1690248',16,155,709,'Средно общообразователно училище \"Симон Боливар\"'),('1690271',16,155,709,'Средно специално училище за деца с увреден слух \"Проф. д-р Ст. Белинов\"'),('1690272',16,155,709,'Професионална гимназия по строителство, архитектура и геодезия'),('1690273',16,155,709,'Професионална гимназия по транспорт \"Гоце Делчев\"'),('1690274',16,155,709,'Професионална гимназия по строителни технологии \"Пеньо Пенев\"'),('1690341',16,155,709,'Основно училище \"Васил Петлешков\"'),('1690342',16,155,709,'Основно училище \"Драган Манчов \"'),('1690343',16,155,709,'Основно училище \"Елин Пелин\"'),('1690344',16,155,709,'Основно училище \"Тодор Каблешков\"'),('1690345',16,155,709,'Средно общообразователно училище \"Свети Свети Кирил и Методий\"'),('1690346',16,155,709,'ОБРАЗЦОВА МАТЕМАТИЧЕСКА ГИМНАЗИЯ \"АКАДЕМИК КИРИЛ ПОПОВ\"'),('1690347',16,155,709,'Спортно училище \"Васил Левски\"'),('1690441',16,155,709,'Начално училище \"Христо Ботев\"'),('1690442',16,155,709,'Основно училище \"Димитър Тодоров Димов\"'),('1690443',16,155,709,'Основно училище\"Йордан Йовков\"'),('1690444',16,155,709,'Основно училище \"Панайот Волов\"'),('1690445',16,155,709,'Основно училище \"Райна Княгиня\"'),('1690446',16,155,709,'Средно общообразователно училище \"Никола Йонков Вапцаров\"'),('1690447',16,155,709,'Средно общообразователно училище \"Пейо Крачолов Яворов\"'),('1690448',16,155,709,'Средно общообразователно училище \"Христо Груев Данов\"'),('1690449',16,155,709,'Езикова гимназия \"Пловдив\"'),('1690450',16,155,709,'Езикова гимназия \"Иван Вазов\"'),('1690451',16,155,709,'Френска езикова гимназия \"Антоан дьо Сент - Екзюпери\"'),('1690452',16,155,709,'Вечерна гимназия \"Христо Смирненски\"'),('1690472',16,155,709,'Професионална гимназия по хранителни технологии и техника'),('1690473',16,155,709,'Професионална гимназия по кожени изделия и текстил \"Д-р Иван Богоров\"'),('1690474',16,155,709,'Професионална гимназия по подемна, строителна и транспортна техника'),('1690542',16,155,709,'Средно общообразователно училище \"Братя Миладинови\"'),('1690543',16,155,709,'Начално училище \"Свети Климент Охридски\"'),('1690544',16,155,709,'45-то Основно училище\"Димитър Талев\"'),('1690545',16,155,709,'Основно училище \"Захари Стоянов\"'),('1690546',16,155,709,'Основно училище \"Стоян Михайловски\"'),('1690547',16,155,709,'Основно училище \"Яне Сандански\"'),('1690549',16,155,709,'Средно общообразователно училище \" Константин Величков \"'),('1690550',16,155,709,'Средно общообразователно училище \"Свети Константин - Кирил Философ\"'),('1690571',16,155,709,'Помощно училище \' Стефан Караджа\''),('1690572',16,155,709,'Професионална гимназия по механотехника \"Професор Цветан Лазаров\"'),('1690573',16,155,709,'Професионална гимназия по машиностроене'),('1690642',16,155,709,'Средно общообразователно училище „Димитър Матевски\"'),('1690643',16,155,709,'Средно общообразователно училище \"Свети Седмочисленици\"'),('1690644',16,155,709,'Средно общообразователно училище \"Свети Софроний Врачански\"'),('1690645',16,155,709,'Средно общообразователно училище \"Черноризец Храбър\"'),('1701101',17,164,762,'Средно общообразователно училище \"Свети Свети Кирил и Методий\"'),('1701102',17,164,762,'ПРОФЕСИОНАЛНА ГИМНАЗИЯ ПО ЗЕМЕДЕЛИЕ \"Климент Аркадиевич Тимирязев\"'),('1701103',17,164,762,'ВЪЗПИТАТЕЛНО УЧИЛИЩЕ - ИНТЕРНАТ НИКОЛА ЙОНКОВ ВАПЦАРОВ'),('1701104',17,164,763,'Основно училище \"Христо Ботев\"'),('1701105',17,164,764,'Основно училище \"Христо Ботев\"'),('1701106',17,164,765,'Основно училище\"Христо Ботев\"'),('1701108',17,164,766,'ОСНОВНО УЧИЛИЩЕ \"ВАСИЛ ЛЕВСКИ\"'),('1701401',17,165,767,'Гимназия \"ВАСИЛ ЛЕВСКИ\"'),('1701402',17,165,767,'Основно училище \"Васил Априлов\"'),('1701403',17,165,767,'Основно училище \"Христо Ботев\"'),('1701405',17,165,767,'ПРОФЕСИОНАЛНА ГИМНАЗИЯ ПО СЕЛСКО СТОПАНСТВО \"ХАН АСПАРУХ\"'),('1701406',17,165,768,'Основно училище \"Св.св. Кирил и Методий\"'),('1701408',17,165,769,'Основно училище \"Никола Йонков Вапцаров\"'),('1701410',17,165,770,'Основно училище \" Кирил и Методий\"'),('1701411',17,165,771,'Основно училище \"Христо Ботев\"'),('1701412',17,165,772,'Основно училище \"Христо Ботев\"'),('1701413',17,165,773,'ОСНОВНО УЧИЛИЩЕ \"ОТЕЦ ПАИСИЙ\"'),('1701415',17,165,774,'Основно училище \"Христо Ботев\"'),('1701416',17,165,775,'ОСНОВНО УЧИЛИЩЕ \"ВАСИЛ ЛЕВСКИ\"'),('1701601',17,166,776,'Средно общообразователно училище \"Христо Ботев\"'),('1701602',17,166,776,'ПРОФЕСИОНАЛНА ГИМНАЗИЯ'),('1701603',17,166,776,'Помощно училище-интернат \"Д-р Петър Берон\" град Кубрат'),('1701604',17,166,776,'Основно училище \"Христо Смирненски\"'),('1701606',17,166,777,'Основно училище \"Васил Левски\"'),('1701607',17,166,778,'Основно училище \"Никола Йонков Вапцаров\"'),('1701608',17,166,779,'ОСНОВНО УЧИЛИЩЕ \"СВЕТИ КЛИМЕНТ\"'),('1701609',17,166,780,'Основно училище \"Никола Йонков Вапцаров\"'),('1701612',17,166,781,'ОСНОВНО УЧИЛИЩЕ \"СВЕТИ СВЕТИ КИРИЛ И МЕТОДИЙ\"'),('1701613',17,166,782,'Основно училище \"Св. Паисий Хилендарски\"'),('1701701',17,167,783,'Средно общообразователно училище \"Христо Ботев\"'),('1701702',17,167,783,'Професионална гимназия по ветеринарна медицина и земеделие \"Александър Стамболийски\"'),('1701703',17,167,784,'Основно училище \"Виделина\"'),('1701704',17,167,785,'Основно училище \"Св.св.Кирил и Методий\"'),('1701706',17,167,786,'ОСНОВНО УЧИЛИЩЕ \"ИВАН ВАЗОВ\"'),('1701709',17,167,787,'ОСНОВНО УЧИЛИЩЕ \"ХРИСТО БОТЕВ\"'),('1701710',17,167,788,'Основно училище \"Кирил и Методий\"'),('1701711',17,167,783,'Начално училище\"Васил Левски\"'),('1702601',17,168,789,'ПРОФЕСИОНАЛНА ГИМНАЗИЯ по ИКОНОМИКА \"РОБЕР ШУМАН\"'),('1702602',17,168,789,'Професионална техническа гимназия \"Шандор Петьофи\"'),('1702603',17,168,789,'Професионална гимназия по химични технологии и биотехнологии \"Мария Кюри\"'),('1702604',17,168,789,'Професионална гимназия по селско стопанство и хранително-вкусови технологии \"Ангел Кънчев\"'),('1702607',17,168,789,'ПРОФЕСИОНАЛНА ГИМНАЗИЯ ПО ТРАНСПОРТ И СТРОИТЕЛСТВО \"ХРИСТО СМИРНЕНСКИ\"'),('1702608',17,168,789,'Гимназия с преподаване на чужди езици \"Екзарх Йосиф\"'),('1702609',17,168,789,'ПРИРОДОМАТЕМАТИЧЕСКА ГИМНАЗИЯ \"АКАД.НИКОЛА ОБРЕШКОВ\"'),('1702611',17,168,789,'Основно училище Никола Йонков Вапцаров'),('1702612',17,168,789,'Средно общообразователно училище \"Христо Ботев\"'),('1702613',17,168,789,'ОСНОВНО УЧИЛИЩЕ \"ВАСИЛ ЛЕВСКИ\"'),('1702614',17,168,789,'Основно училище \"Никола Икономов\"'),('1702615',17,168,789,'ОСНОВНО УЧИЛИЩЕ \"ИВАН СЕРГЕЕВИЧ ТУРГЕНЕВ\"'),('1702616',17,168,789,'ОСНОВНО УЧИЛИЩЕ \"ОТЕЦ ПАИСИЙ\"'),('1702618',17,168,790,'Основно училище \"Д-р Петър Берон\"'),('1702620',17,168,791,'Основно училище \"Г.С.Раковски\"'),('1702621',17,168,792,'Основно училище \"Отец Паисий\"'),('1702622',17,168,793,'Основно училище \"Св.Св.Кирил и Методий\"'),('1702623',17,168,794,'ОСНОВНО УЧИЛИЩЕ \"КИРИЛ И МЕТОДИЙ\"'),('1702625',17,168,795,'Основно училище \"Елин Пелин\"'),('1702629',17,168,789,'Професионална Гимназия по облекло\"Станка Николица Спасо-Еленина\"'),('1702630',17,168,790,'ПОМОЩНО УЧИЛИЩЕ /ИНТЕРНАТ/ \"ХРИСТО БОТЕВ\" с. Осенец, общ. Разград'),('1702640',17,168,789,'Спортно училище - Разград'),('1702901',17,169,796,'Средно общообразователно училище \"Свети Свети Кирил и Методий\"'),('1702902',17,169,797,'ОСНОВНО УЧИЛИЩЕ \"СВ.ПАИСИЙ ХИЛЕНДАРСКИ\"'),('1702903',17,169,798,'ОСНОВНО УЧИЛИЩЕ \"ХРИСТО БОТЕВ\"'),('1702904',17,169,799,'ОСНОВНО УЧИЛИЩЕ \"СВЕТИ КЛИМЕНТ ОХРИДСКИ\"'),('1703601',17,170,800,'Средно общообразователно училище \"Христо Ботев\"'),('1703602',17,170,801,'Основно училище \"Свети Паисий Хилендарски\"'),('1801001',18,171,805,'Средно общообразователно училище \"Свети Климент Охридски\"'),('1801003',18,171,806,'Основно училище \"ХРИСТО БОТЕВ\"'),('1801004',18,171,807,'Основно училище \"Петко Рачев Славейков\"'),('1801005',18,171,808,'ПОМОЩНО УЧИЛИЩЕ- ПОЛУИНТЕРНАТ св.св.КИРИЛ И МЕТОДИЙ'),('1802001',18,31,208,'Начално училище \"Св. Св. Кирил и Методий\"'),('1802002',18,31,208,'Начално училище \"Петко Рачев Славейков\"'),('1802003',18,31,208,'ОСНОВНО УЧИЛИЩЕ \"НИКОЛА ЙОНКОВ ВАПЦАРОВ\"'),('1802004',18,31,208,'Средно общообразователно училище\"Панайот Волов\"'),('1802005',18,31,208,'Професионална гимназия град Бяла, обл. Русе'),('1802008',18,31,809,'Основно училище \"Неофит Рилски\"'),('1802009',18,31,810,'ОСНОВНО УЧИЛИЩЕ \"Свети свети Кирил и Методий\"'),('1803001',18,172,811,'Средно общообразователно училище \"Васил Левски\" с професионални паралелки'),('1803002',18,172,812,'Основно училище \"Св. Св. Кирил и Методий\"'),('1803005',18,172,813,'Средно общообразователно училище \"Христо Ботев\"'),('1803008',18,172,814,'Основно училище \"Петко Рачов Славейков\"'),('1804004',18,173,815,'Основно училище \"Христо Ботев\"'),('1804007',18,173,816,'Средно общообразователно училище \"Св. св. Кирил и Методий\"'),('1804008',18,173,816,'Професионална гимназия по селско стопанство \"К. А. Тимирязев\"'),('1805001',18,174,817,'Основно училище \" Никола Йонков Вапцаров \"'),('1805004',18,174,818,'ОСНОВНО УЧИЛИЩЕ\"ВАСИЛ ЛЕВСКИ\"'),('1805005',18,174,819,'Основно училище \"Христо Ботев\"'),('1805006',18,174,820,'ОСНОВНО УЧИЛИЩЕ \" СВЕТИ КЛИМЕНТ ОХРИДСКИ \"'),('1806002',18,175,802,'Помощно училище \"Д-р Петър Берон\"'),('1806101',18,175,802,'Първо основно училище \"Отец Паисий\"'),('1806102',18,175,802,'ВТОРО ОСНОВНО УЧИЛИЩЕ \"ЛЮБЕН КАРАВЕЛОВ\"'),('1806103',18,175,802,'Основно училище \"Ангел Кънчев\"'),('1806104',18,175,802,'Основно училище \" Братя Миладинови\"'),('1806106',18,175,802,'Основно училище \"Иван Вазов\"'),('1806108',18,175,802,'Основно училище \"Алеко Константинов\"'),('1806109',18,175,802,'Основно училище \"Тома Кърджиев\"'),('1806110',18,175,802,'Основно училище \"Никола Обретенов\"'),('1806111',18,175,802,'Основно училище \" Васил Априлов\"'),('1806112',18,175,802,'Основно училище \"Христо Смирненски\"'),('1806114',18,175,821,'Основно училище \"Свети свети Кирил и Методий\"'),('1806115',18,175,822,'Основно училище \"Отец Паисий\"'),('1806117',18,175,823,'Основно училище \"Георги Стойков Раковски\"'),('1806118',18,175,824,'ОСНОВНО УЧИЛИЩЕ \"СВ. СВ. КИРИЛ И МЕТОДИЙ\"'),('1806120',18,175,825,'Основно училище \"Отец Паисий\"'),('1806121',18,175,826,'Начално училище \"Васил Априлов\"'),('1806201',18,175,802,'Английска гимназия \" Гео Милев \"'),('1806202',18,175,802,'Математическа гимназия \"Баба Тонка\"'),('1806203',18,175,802,'СОУ за европейски езици \"Свети Константин-Кирил Философ\"'),('1806204',18,175,802,'Средно общообразователно училище с преподаване на немски език \"Фридрих Шилер\"'),('1806205',18,175,802,'ОСНОВНО УЧИЛИЩЕ \"ОЛИМПИ ПАНОВ\"'),('1806206',18,175,802,'Средно общообразователно училище \"Йордан Йовков\"'),('1806207',18,175,802,'Средно общообразователно училище \"Христо Ботев\"'),('1806208',18,175,802,'Средно общообразователно училище \"Възраждане\"'),('1806209',18,175,802,'СРЕДНО ОБЩООБРАЗОВАТЕЛНО УЧИЛИЩЕ \"ВАСИЛ ЛЕВСКИ\"'),('1806301',18,175,802,'Професионална гимназия по електротехника и електроника \"Апостол Арнаудов\"'),('1806302',18,175,802,'Професионална гимназия по дървообработване и вътрешна архитектура \" Йосиф Вондрак\" - Русе'),('1806303',18,175,802,'Професионална гимназия по зърнопреработвателни и хранителни технологии\"Проф.д-рАсен Златаров\"'),('1806304',18,175,802,'Професионална гимназия по химични технологии и биотехнологии \"Проф. Димитър Баларев\"'),('1806305',18,175,802,'Професионална гимназия по селско стопанство \"Ангел Кънчев\"'),('1806306',18,175,802,'Професионална гимназия по механотехника'),('1806307',18,175,802,'Професионална гимназия по облекло \"Недка Иван Лазарова\"'),('1806309',18,175,802,'Професионална гимназия по туризъм \"Иван П. Павлов\"'),('1806310',18,175,802,'ПРОФЕСИОНАЛНА ГИМНАЗИЯ ПО ИКОНОМИКА И УПРАВЛЕНИЕ \"ЕЛИАС КАНЕТИ\"'),('1806311',18,175,802,'ПРОФЕСИОНАЛНА ГИМНАЗИЯ ПО РЕЧНО КОРАБОСТРОЕНЕ И КОРАБОПЛАВАНЕ'),('1806312',18,175,802,'Професионална гимназия по транспорт'),('1806313',18,175,802,'Професионална гимназия по строителство, архитектура и геодезия \"Пеньо Пенев\"'),('1806315',18,175,802,'Професионална гимназия по промишлени технологии \"Атанас Цонев Буров\"'),('1806401',18,175,802,'Спортно училище \"Майор Атанас Узунов\"'),('1807006',18,176,827,'Основно училище \"Иван Вазов\"'),('1807007',18,176,828,'Основно училище \"Свети свети Кирил и Методий\"'),('1807008',18,176,829,'Средно общообразователно училище \"Св.Паисий Хилендарски\"'),('1808001',18,177,830,'Основно училище \"Христо Ботев\"'),('1808002',18,177,831,'Основно училище\"Христо Ботев\"'),('1808003',18,177,803,'Основно училище \"Алеко Константинов\"'),('1808004',18,177,804,'Основно училище \"Свети Климент Охридски\"'),('1900101',19,178,832,'Основно училище \"Христо Ботев\"'),('1900102',19,178,833,'Начално училище \"Отец Паисий\"'),('1900201',19,179,834,'Средно общообразователно училище \"Васил Левски\"'),('1900202',19,179,835,'Основно училище \"Иван Вазов\"'),('1900205',19,179,836,'Основно училище \"Никола Йонков Вапцаров\"'),('1900206',19,179,837,'Основно училище \"Св. Св. Кирил и Методий\"'),('1900207',19,179,838,'Основно училище \"Отец Паисий\"'),('1900301',19,180,839,'Средно общообразователно училище \"Васил Левски\"'),('1900302',19,180,840,'Средно общообразователно училище \"Йордан Йовков\"'),('1900303',19,180,841,'Средно общообразователно училище \"Христо Ботев\"'),('1900304',19,180,842,'Основно училище \"Св.св.Кирил и Методий\"'),('1900309',19,180,843,'Основно училище \"Св.Св.Кирил и Методий\"'),('1900311',19,180,844,'Основно училище \"Свети свети \"Кирил и Методий\"'),('1900312',19,180,845,'Основно училище \"Д-р Петър Берон\"'),('1900313',19,180,846,'Основно училище \"Васил Левски\"'),('1900314',19,180,839,'Основно училище \"Христо Смирненски\"'),('1900320',19,180,847,'Начално училище\"Светлина\"'),('1900327',19,180,839,'Професионална гимназия по облекло, обслужване и транспорт'),('1900401',19,181,848,'Основно училище \"Васил Априлов\"'),('1900403',19,181,849,'Основно училище \"Черноризец Храбър\"'),('1900404',19,181,850,'Основно училище \"Цанко Церковски\"'),('1900405',19,181,850,'Професионална гимназия по механизация на селското стопанство \"Никола Йонков Вапцаров\"'),('1900501',19,182,851,'Средно общообразователно училище \"Юрий Алексеевич Гагарин\"'),('1900502',19,182,851,'Средно общообразователно училище \"Никола Йонков Вапцаров\"'),('1900503',19,182,851,'Природоматематическа гимназия \"Св.Климент Охридски\"'),('1900504',19,182,851,'Езикова гимназия \"Пейо Яворов\"'),('1900505',19,182,851,'Професионална гимназия по механотехника \"Владимир Комаров\"'),('1900506',19,182,851,'Професионална гимназия по стопанско управление, администрация и услуги \"Атанас Буров\"'),('1900507',19,182,851,'Професионална земеделска гимназия \"Добруджа\"'),('1900508',19,182,851,'Професионална гимназия по строителство \"Пеньо Пенев\"'),('1900509',19,182,851,'Професионална гимназия по лека промишленост \"Пенчо Славейков\"'),('1900510',19,182,851,'Професионална гимназия по производствени технологии \"Евлогий Георгиев\"'),('1900511',19,182,851,'Основно училище \"Отец Паисий\"'),('1900512',19,182,851,'Основно училище \"Св. Св. Кирил и Методий\"'),('1900514',19,182,851,'Основно училище \"Иван Вазов\"'),('1900515',19,182,852,'Основно училище \"Христо Ботев\"'),('1900516',19,182,853,'Основно училище \"Св. св. Кирил и Методий\"'),('1900517',19,182,854,'Основно училище \"Свети Климент Охридски\"'),('1900518',19,182,855,'Основно училище \"Св.св.Кирил и Методий\"'),('1900521',19,182,851,'Градско помощно училище \"Софроний Врачански\"'),('1900528',19,182,851,'Общинско спортно училище \"Дръстър\"'),('1900601',19,183,856,'Основно училище \"Отец Паисий\"'),('1900602',19,183,857,'Основно училище \"Стефан Караджа\"'),('1900604',19,183,858,'Основно училище \"Георги Раковски\"'),('1900605',19,183,858,'Професионално училище по селско стопанство'),('1900701',19,184,859,'Средно общообразователно училище \"Йордан Йовков\"'),('1900702',19,184,859,'Средно общообразователно училище \"Христо Ботев\"'),('1900705',19,184,860,'Социално-педагогически интернат \"Христо Ботев\"'),('1900706',19,184,861,'Основно училище \"Стефан Караджа\"'),('1900714',19,184,862,'Основно училище \"Свети Свети Кирил и Методий\"'),('2000102',20,187,864,'Начално училище \"Васил Левски\"'),('2000105',20,187,864,'Средно общообразователно училище \"Хаджи Мина Пашов\"'),('2000106',20,187,864,'Основно училище \"Христо Ботев\"'),('2000107',20,187,864,'ІІІ Основно училище \"Доктор Иван Селимински \"'),('2000108',20,187,864,'Основно училище \"Димитър Петров\"'),('2000109',20,187,864,'Средно общообразователно училище \"Пейо Крачолов Яворов\"'),('2000110',20,187,864,'Шесто основно училище \"Братя Миладинови\"'),('2000111',20,187,864,'Седмо основно училище \" Панайот Хитов \"'),('2000112',20,187,864,'Основно училище \"Юрий Гагарин\"'),('2000113',20,187,864,'Девето основно училище \"Св.св.Кирил и Методий\"'),('2000114',20,187,864,'Средно общообразователно училище \"Йордан Йовков\"'),('2000115',20,187,864,'Средно общообразователно училище \"Константин Константинов\"'),('2000116',20,187,864,'Дванадесето основно училище \"Елисавета Багряна\"'),('2000117',20,187,864,'Професионална гимназия по текстил и облекло \"Добри Желязков\"'),('2000118',20,187,864,'Професионална гимназия по електротехника и електроника \"Мария Склодовска-Кюри\"'),('2000119',20,187,864,'Професионална гимназия по икономика \"Професор доктор Димитър Табаков\"'),('2000120',20,187,864,'Професионална гимназия по хотелиерство и туризъм \"Акад.Неделчо Неделчев\"'),('2000122',20,187,864,'Сливенска професионална гимназия по строителство и геодезия \"Арх. Георги Козаров\"'),('2000123',20,187,864,'Професионална гимназия по механотехника'),('2000125',20,187,864,'Вечерно професионално училище \"Аргира Жечкова\"'),('2000126',20,187,864,'Природо-математическа гимназия \"Добри П. Чинтулов\"'),('2000127',20,187,864,'Гимназия с преподаване на западни езици \"Захарий Стоянов\"'),('2000128',20,187,864,'Спортно училище \"Димитър Рохов\"'),('2000129',20,187,864,'Хуманитарна гимназия \"Дамян Дамянов\"'),('2000130',20,187,864,'Помощно училище \"Д-р Власаки Шуманов\"'),('2000131',20,187,865,'Основно училище \"Хаджи Димитър\"'),('2000132',20,187,866,'Основно училище \"Свети Климент Охридски\"'),('2000136',20,187,867,'Основно училище \" Найден Геров \"'),('2000137',20,187,868,'Социално-педагогически интернат \"Христо Ботев\"'),('2000138',20,187,869,'Основно училище \"Д-р Петър Берон\"'),('2000139',20,187,870,'Основно училище \"Братя Миладинови\"'),('2000140',20,187,871,'Основно училище \"Христо Смирненски\"'),('2000141',20,187,872,'Основно училище \"Св. Св. Кирил и Методий\"'),('2000142',20,187,873,'Основно училище \"Черноризец Храбър\"'),('2000146',20,187,874,'Основно училище \"Св.Паисий Хилендарски\"'),('2000147',20,187,875,'Основно училище \"Христо Ботев\"'),('2000148',20,187,876,'Основно училище \"Васил Левски\"'),('2000149',20,187,877,'НУ \"Хаджи Димитър\"'),('2000150',20,187,878,'Основно училище \"Св. Паисий Хилендарски\"'),('2000151',20,187,879,'Начално училище \"Христо Ботев\"'),('2000201',20,185,863,'Средно общообразователно училище \"Георги Стойков Раковски\"'),('2000204',20,185,880,'Основно училище \"Димитър Камбуров\"'),('2000205',20,185,881,'Основно Училище \"Христо Ботев\"'),('2000206',20,185,882,'Основно училище \"Капитан Петър Пармаков\"'),('2000208',20,185,883,'Основно училище \"Свети свети Кирил и Методий\"'),('2000209',20,185,884,'Основно училище \"Христо Ботев\"'),('2000212',20,185,885,'Основно училище \"Георги Стойков Раковски\"'),('2000213',20,185,886,'Основно училище \"Д-р Петър Берон\"'),('2000214',20,185,887,'Основно училище \"Никола Йонков Вапцаров\"'),('2000216',20,185,888,'Начално училище \"Неофит Бозвели\"'),('2000217',20,185,889,'Основно училище \"Хаджи Димитър\"'),('2000301',20,186,890,'Начално училище \"Свети Паисий Хилендарски\"'),('2000302',20,186,890,'Начално училище \"Любен Каравелов\"'),('2000303',20,186,890,'Основно училище \"Христо Смирненски\"'),('2000304',20,186,890,'Средно общообразователно училище \"Иван Вазов\"'),('2000305',20,186,890,'Средно общообразователно училище \"Христо Ботев\"'),('2000306',20,186,890,'Професионална гимназия по селско стопанство'),('2000307',20,186,890,'Професионална гимназия по техника и технологии \"Атанас Димитров\"'),('2000308',20,186,890,'Помощно училище- интернат \"Академик Тодор Самодумов\"'),('2000310',20,186,891,'Основно училище \"Злати Динев Терзиев\"'),('2000311',20,186,892,'Основно училище \"Св. Св. Кирил и Методий\"'),('2000313',20,186,893,'Основно училище \" Д- р Петър Берон\"'),('2000314',20,186,894,'Основно училище \"Св.Св.Кирил и Методий\"'),('2000315',20,186,895,'Основно училище \"Петко Рачев Славейков\"'),('2000316',20,186,896,'Основно училище \"Иларион Макариополски\"'),('2000320',20,186,897,'Начално училище \"Св. Св. Кирил и Методий\"'),('2000321',20,186,898,'Основно училище \" Свети Паисий Хилендарски \"'),('2000322',20,186,899,'Основно училище \"Христо Ботев\"'),('2000401',20,188,900,'Начално училище \"Христо Ботев\"'),('2000402',20,188,900,'Средно общообразователно училище \"Неофит Рилски\"'),('2000405',20,188,901,'Основно училище \"Никола Йонков Вапцаров\"'),('2000406',20,188,902,'Начално училище \"Христо Ботев\"'),('2000407',20,188,903,'Основно училище \"Никола Прокопиев\"'),('2000408',20,188,904,'Средно общообразователно училище \"Георги Алексиев Каравелов\"'),('200104',2,15,83,'Основно училище \"Атанас Манчев\"'),('200105',2,15,84,'ОСНОВНО УЧИЛИЩЕ \"СВ.СВ.КИРИЛ И МЕТОДИЙ\"'),('200107',2,15,85,'Основно училище \"Христо Ботев\"'),('200109',2,15,86,'Основно училище \"Христо Ботев\"'),('200110',2,15,87,'Основно училище \"Светлина\"'),('200112',2,15,83,'Средно общообразователно училище \"Христо Ботев\"'),('200113',2,15,83,'СРЕДНО ОБЩООБРАЗОВАТЕЛНО УЧИЛИЩЕ \"НИКОЛА ЙОНКОВ ВАПЦАРОВ\"'),('200114',2,15,83,'ПРОФЕСИОНАЛНА ГИМНАЗИЯ ПО СЕЛСКО СТОПАНСТВО \"ЗЛАТНА НИВА\"'),('200201',2,16,82,'Начално базово училище \"Михаил Лъкатник\"'),('200204',2,16,88,'Начално училище\"Д-р Петър Берон\"'),('200205',2,16,82,'Основно училище \"Петко Рачев Славейков\"'),('200206',2,16,82,'ОСНОВНО УЧИЛИЩЕ \"СВЕТИ КНЯЗ БОРИС І\"'),('200207',2,16,82,'ОСНОВНО УЧИЛИЩЕ \"ЛЮБЕН КАРАВЕЛОВ\"'),('200208',2,16,82,'ОСНОВНО УЧИЛИЩЕ \"НАЙДЕН ГЕРОВ\"'),('200209',2,16,82,'Основно училище \"Антон Страшимиров\" - гр.Бургас'),('200210',2,16,82,'ОСНОВНО УЧИЛИЩЕ \"СВЕТИ КЛИМЕНТ ОХРИДСКИ\"'),('200211',2,16,82,'Основно училище \"Георги Бенковски\"'),('200212',2,16,82,'ОСНОВНО УЧИЛИЩЕ \" П. К. ЯВОРОВ\"'),('200213',2,16,82,'Основно училище \"Васил Априлов\"'),('200214',2,16,82,'Основно училище \"Братя Миладинови\"'),('200215',2,16,82,'Основно училище \"Елин Пелин\"'),('200216',2,16,82,'ОСНОВНО УЧИЛИЩЕ \"ВАСИЛ ЛЕВСКИ\"'),('200217',2,16,82,'Основно училище \"Христо Ботев\"'),('200218',2,16,82,'Основно училище \"ХРИСТО БОТЕВ\"'),('200219',2,16,82,'Основно училище \" Христо Ботев\"'),('200220',2,16,89,'ОСНОВНО УЧИЛИЩЕ \"ВАСИЛ ЛЕВСКИ\"'),('200221',2,16,90,'Основно училище \"Христо Ботев\"'),('200222',2,16,91,'ОСНОВНО УЧИЛИЩЕ \"ИВАН ВАЗОВ\"'),('200223',2,16,92,'ОСНОВНО УЧИЛИЩЕ \"ХРИСТО БОТЕВ\"'),('200224',2,16,93,'Основно училище\"Христо Ботев\"'),('200225',2,16,94,'ОСНОВНО УЧИЛИЩЕ \" Св. Св. Кирил и Методий \"'),('200226',2,16,88,'Основно училище \"Св. Климент Охридски\"с.Рудник'),('200227',2,16,82,'Средно общообразователно училище \"Иван Вазов\"'),('200228',2,16,82,'СРЕДНО ОБЩООБРАЗОВАТЕЛНО УЧИЛИЩЕ \" ЙОРДАН ЙОВКОВ\"'),('200229',2,16,82,'Средно общообразователно училище \"Константин Преславски\"'),('200230',2,16,82,'СРЕДНО ОБЩООБРАЗОВАТЕЛНО УЧИЛИЩЕ \"ДИМЧО ДЕБЕЛЯНОВ\"'),('200231',2,16,82,'Средно общообразователно училище ,,Добри Чинтулов\"'),('200232',2,16,82,'Средно общообразователно училище \"Константин Петканов\"'),('200233',2,16,82,'Средно общообразователно училище \"Петко Росен\"'),('200234',2,16,82,'Средно общообразователно училище с хуманитарно-естетически профил \"Св.Св. Кирил и Методий\"'),('200235',2,16,82,'Гимназия за романски езици \"Георги Стойков Раковски\"'),('200236',2,16,82,'Гимназия с преподаване на английски език \"ГЕО МИЛЕВ\"'),('200237',2,16,82,'Гимназия с преподаване на немски език \"Гьоте\"'),('200238',2,16,82,'Гимназия за чужди езици \"Васил Левски\"'),('200239',2,16,82,'Природоматематическа гимназия \"Акад. Никола Обрешков\"'),('200240',2,16,82,'СПОРТНО УЧИЛИЩЕ \"ЮРИЙ ГАГАРИН\" БУРГАС'),('200242',2,16,82,'Професионална гимназия по туризъм \"Проф.д-р Асен Златаров\"'),('200243',2,16,82,'Професионална гимназия по морско корабоплаване и риболов Свети Никола'),('200244',2,16,82,'ПРОФЕСИОНАЛНА ГИМНАЗИЯ ПО МЕХАНОЕЛЕКТРОТЕХНИКА И ЕЛЕКТРОНИКА'),('200245',2,16,82,'Професионална гимназия по строителство, архитектура и геодезия \"Кольо Фичето\"'),('200246',2,16,82,'Търговска гимназия'),('200247',2,16,82,'Професионална гимназия по химични технологии \"Акад. Н. Д. Зелинский\"'),('200248',2,16,82,'Професионална гимназия по електротехника и електроника \"Константин Фотинов\"'),('200249',2,16,82,'Професионална гимназия по транспорт'),('200250',2,16,82,'Професионална техническа гимназия'),('200251',2,16,82,'Професионална гимназия по дървообработване \"Георги Кондолов\"'),('200252',2,16,82,'ПРОФЕСИОНАЛНА ГИМНАЗИЯ ПО СГРАДОСТРОИТЕЛСТВО И ИНСТАЛАЦИИ \" ПЕНЬО ПЕНЕВ \"'),('200253',2,16,82,'Помощно училище \"Отец Паисий\"'),('200255',2,16,82,'Вечерна гимназия \"Захари Стоянов\"'),('200301',2,17,95,'Начално училище \" Братя Миладинови\"'),('200304',2,17,96,'Основно училище \" Иван Вазов\"'),('200306',2,17,97,'Основно училище \" Христо Ботев\"'),('200308',2,17,98,'Средно общообразователно училище \"Христо Ботев\"'),('200404',2,18,99,'Основно училище \"Христо Смирненски\"'),('200405',2,18,99,'Основно училище \"Петко Рачев Славейков\"'),('200406',2,18,100,'Основно училище\"Христо Ботев\"'),('200408',2,18,101,'Основно училище\"Христо Ботев\"'),('200410',2,18,103,'НАЧАЛНО УЧИЛИЩЕ \"ХРИСТО БОТЕВ\"'),('200411',2,18,99,'Средно общообразователно училище \"Св.Св.Кирил и Методий\"'),('200412',2,18,99,'Средно общообразователно училище \"Христо Ботев\"'),('200413',2,18,99,'Професионална гимназия по селско стопанство и лека промишленост'),('200415',2,18,99,'Помощно училище \"Минко Неволин\"'),('200503',2,19,104,'Средно общообразователно училище\"Васил Левски\"'),('200601',2,20,105,'Основно училище \"Св.Св.Кирил и Методий\"'),('200602',2,20,106,'Основно училище \"СВ.СВ.Кирил и Методий\"с.Гюльовца'),('200603',2,20,107,'Основно училище \"СВЕТИ ИВАН РИЛСКИ\" с. Кошарица'),('200604',2,20,108,'Основно училище \"Георги Стойков Раковски\"'),('200605',2,20,109,'Основно училище \" Св. св. Кирил и Методий \"'),('200606',2,20,110,'Основно училище \"Свети свети Кирил и Методий\"'),('200607',2,20,111,'Основно училище \" Васил Левски \"'),('200608',2,20,112,'Средно общообразователно училище \"Любен Каравелов\"'),('200609',2,20,112,'Професионална гимназия по туризъм \"Иван Вазов\"'),('200701',2,21,113,'НАЧАЛНО УЧИЛИЩЕ \"Константин Величков\"'),('200702',2,21,114,'ОСНОВНО УЧИЛИЩЕ \"СВЕТИ ПАИСИЙ ХИЛЕНДАРСКИ\"'),('200703',2,21,115,'ОСНОВНО УЧИЛИЩЕ \"ХРИСТО БОТЕВ\"'),('200704',2,21,116,'ОСНОВНО УЧИЛИЩЕ \" ХРИСТО БОТЕВ \"'),('200705',2,21,117,'Основно училище \"Христо Ботев \"'),('200706',2,21,118,'ОСНОВНО УЧИЛИЩЕ \"ХРИСТО БОТЕВ\"'),('200707',2,21,119,'Основно училище \"Георги Стойков Раковски\"'),('200708',2,21,120,'ОСНОВНО УЧИЛИЩЕ \" ЕЛИН ПЕЛИН\"'),('200709',2,21,121,'Основно училище \"Свети свети Кирил и Методий\"'),('200710',2,21,122,'Основно училище \"Отец Паисий\"'),('200711',2,21,115,'Средно Общообразователно Училище \"Иван Вазов\"'),('200712',2,21,115,'Професионална гимназия по туризъм \"Алеко Константинов\"'),('200801',2,22,123,'Основно Училище \"Христо Ботев\"'),('200802',2,22,124,'НАЧАЛНО УЧИЛИЩЕ\"ЛЮБЕН КАРАВЕЛОВ\"'),('200803',2,22,125,'СРЕДНО ОБЩООБРАЗОВАТЕЛНО УЧИЛИЩЕ \"НИКОЛА ЙОНКОВ ВАПЦАРОВ\"'),('200904',2,23,126,'Начално училище \" Д-р Петър Берон\"'),('200907',2,23,127,'Основно училище \"Д-р Петър Берон\"'),('200908',2,23,128,'Основно училище \" Св. Св. Кирил и Методий\"'),('200909',2,23,129,'Основно училище \" Алеко Константинов\"'),('200910',2,23,130,'Основно училище \"Климент Охридски\"'),('200912',2,23,131,'Основно училище \"Никола Йонков Вапцаров\"\"'),('200915',2,23,132,'Основно училище \" Никола Йонков Вапцаров\"'),('200918',2,23,133,'ОСНОВНО УЧИЛИЩЕ \"СВ. СВ. КИРИЛ И МЕТОДИЙ\"'),('200919',2,23,134,'Основно Училище \" Д-р Петър Берон\"'),('200920',2,23,135,'Основно училище \"Антон Симеонович Макаренко\"'),('200922',2,23,136,'Основно училище \"Иван Вазов\"'),('200923',2,23,137,'Основно училище \"Реджеб Кюпчу\"'),('200924',2,23,138,'Основно училище \" Йордан Йовков\"'),('200926',2,23,139,'Основно училище \" Димчо Дебелянов\"'),('200927',2,23,140,'Основно училище \"Иван Вазов\"'),('200928',2,23,141,'Основно училище \" Реджеб Кюпчю\"'),('200929',2,23,142,'Основно училище \" Димитър Полянов\"'),('200930',2,23,143,'Основно училище \"Христо Ботев\"'),('200931',2,23,144,'Средно Общообразователно Училище \" Отец Паисий\"'),('200932',2,23,145,'Средно общообразователно училище \"Елин Пелин\"'),('201002',2,24,146,'Основно училище \"Христо Смирненски\"'),('201003',2,24,147,'Основно училище \"Христо Ботев\"'),('201005',2,24,148,'Основно училище\"Пейо Крачолов Яворов\"'),('201006',2,24,149,'Основно училище \"Отец Паисий\"'),('201007',2,24,150,'Основно училище \"Христо Ботев\"'),('201008',2,24,151,'ОСНОВНО УЧИЛИЩЕ \"ХРИСТО БОТЕВ\"'),('201009',2,24,152,'Основно училище \"Св. св. Кирил и Методий\"'),('201101',2,25,153,'ОСНОВНО УЧИЛИЩЕ \"АНТОН СТРАШИМИРОВ\"'),('201102',2,25,154,'ОСНОВНО УЧИЛИЩЕ \"СВ СВ КИРИЛ И МЕТОДИЙ\"'),('201103',2,25,155,'Основно училище\"Никола Йонков Вапцаров\"'),('201104',2,25,156,'Средно общообразователно училище \"Свети свети Кирил и Методий\"'),('201106',2,25,156,'ПРОФЕСИОНАЛНА ГИМНАЗИЯ ПО МЕХАНИЗАЦИЯ НА СЕЛСКОТО СТОПАНСТВО И ЕЛЕКТРОНИКА \"НИКОЛА ЙОНКОВ ВАПЦАРОВ\"'),('201206',2,26,157,'Основно училище \"Св.св.Кирил и Методий\"'),('201207',2,26,158,'Основно Училище \"Христо Ботев\"'),('201208',2,26,159,'ОСНОВНО УЧИЛИЩЕ \"Св.Св.Кирил и Методий\"'),('201209',2,26,160,'ОСНОВНО УЧИЛИЩЕ \"ВАСИЛ ЛЕВСКИ\"'),('201211',2,26,161,'ОСНОВНО УЧИЛИЩЕ ,,ОТЕЦ ПАИСИЙ\"'),('201212',2,26,162,'Средно общообразователно училище \"Христо Ботев\"'),('201304',2,27,163,'ОУ \"СВ. СВ. КИРИЛ И МЕТОДИЙ\"'),('201305',2,27,102,'Средно общообразователно училище \"Никола Йонков Вапцаров\"'),('2100103',21,197,906,'Средно общообразователно училище \"Св. Св. Кирил и Методий\"'),('2100104',21,197,906,'ОСНОВНО УЧИЛИЩЕ \"ЮРИЙ ГАГАРИН\"'),('2100105',21,197,906,'СРЕДНО ОБЩООБРАЗОВАТЕЛНО УЧИЛИЩЕ \"ОТЕЦ ПАИСИЙ\"'),('2100107',21,197,906,'Основно училище \"Професор доктор Асен Златаров\"'),('2100109',21,197,906,'Основно училище \"Стою Шишков\"'),('2100110',21,197,906,'ОСНОВНО УЧИЛИЩЕ \"ИВАН ВАЗОВ\"'),('2100111',21,197,906,'Професионална гимназия по техника и технологии \"Христо Ботев\"'),('2100112',21,197,906,'Професионална гимназия по строителство \"Никола Вапцаров\"'),('2100113',21,197,906,'Професионална гимназия по икономика \"Карл Маркс\"'),('2100115',21,197,906,'ПРОФЕСИОНАЛНА ГИМНАЗИЯ ПО ТУРИЗЪМ'),('2100117',21,197,907,'Оздравително средно общообразователно училище \"НИКОЛА ЙОНКОВ ВАПЦАРОВ\"'),('2100119',21,197,908,'ОСНОВНО УЧИЛИЩЕ \"СВ. СВ. КИРИЛ И МЕТОДИЙ\"'),('2100122',21,197,909,'Основно училище \"Свети Свети Кирил и Методий\"'),('2100124',21,197,910,'ОСНОВНО УЧИЛИЩЕ \"Св. Св. Кирил и Методий\"'),('2100125',21,197,911,'Основно Училище \"Стою Шишков\"'),('2100128',21,197,905,'Основно училище \"Никола Йонков Вапцаров\"'),('2100201',21,189,912,'СРЕДНО ОБЩООБРАЗОВАТЕЛНО ОЗДРАВИТЕЛНО УЧИЛИЩЕ \"ХРИСТО БОТЕВ\"'),('2100203',21,189,913,'Основно училище \"Св.Св. Кирил и Методий\"'),('2100301',21,190,914,'Средно общообразователно училище \"Никола Йонков Вапцаров\"'),('2100302',21,190,915,'ОСНОВНО УЧИЛИЩЕ \"ВАСИЛ ЛЕВСКИ\"'),('2100303',21,190,916,'ОСНОВНО УЧИЛИЩЕ \"ОТЕЦ ПАИСИЙ\"'),('2100401',21,191,917,'СРЕДНО ОБЩООБРАЗОВАТЕЛНО УЧИЛИЩЕ \"ХРИСТО БОТЕВ\"'),('2100402',21,191,917,'ПРОФЕСИОНАЛНА ГИМНАЗИЯ ПО ЕЛЕКТРОТЕХНИКА \"А. С. Попов\"'),('2100405',21,191,918,'Основно училище \"Гео Милев\"'),('2100406',21,191,919,'Основно училище \"Пейо Крачолов Яворов\"'),('2100407',21,191,920,'ОСНОВНО УЧИЛИЩЕ \"ХРИСТО БОТЕВ\"'),('2100409',21,191,917,'Основно училище \"Св.Св.Кирил и Методий\"'),('2100410',21,191,921,'ОСНОВНО УЧИЛИЩЕ \"ДИМИТЪР БЛАГОЕВ\"'),('2100412',21,191,922,'Основно училище \"Отец Паисий\"'),('2100413',21,191,923,'ОСНОВНО УЧИЛИЩЕ \"ИВАН ВАЗОВ\"'),('2100501',21,195,924,'Средно общообразователно училище Св. Св. Кирил и Методий'),('2100502',21,195,925,'Основно училище \"Васил Левски\"'),('2100602',21,193,926,'СРЕДНО ОБЩООБРАЗОВАТЕЛНО УЧИЛИЩЕ \"Свети княз Борис I\"'),('2100603',21,193,927,'Професионална гимназия \"Христо Ботев\"'),('2100605',21,193,928,'ОСНОВНО УЧИЛИЩЕ \"Свети Свети Кирил и Методий\"'),('2100606',21,193,927,'ОСНОВНО УЧИЛИЩЕ \" ВАСИЛ ЛЕВСКИ \"'),('2100607',21,193,929,'ОСНОВНО УЧИЛИЩЕ \"ВАСИЛ ЛЕВСКИ\"'),('2100701',21,194,930,'Средно общообразователно училище \"Отец Паисий\"'),('2100704',21,194,930,'ОСНОВНО УЧИЛИЩЕ \"НИКОЛА ЙОНКОВ ВАПЦАРОВ\"'),('2100706',21,194,931,'Основно училище \"ВАСИЛ ЛЕВСКИ\"'),('2100708',21,194,932,'ОСНОВНО УЧИЛИЩЕ ХРИСТО БОТЕВ'),('2100709',21,194,933,'ОСНОВНО УЧИЛИЩЕ \"ПЕТКО РАЧОВ СЛАВЕЙКОВ\"'),('2100801',21,196,934,'Средно общообразователно училище \"Св.св. Кирил и Методий\"'),('2100802',21,196,935,'Средно общообразователно училище \"Христо Ботев\"'),('2100804',21,196,936,'Основно училище \"Христо Ботев\"'),('2100901',21,198,937,'Средно Общообразователно Училище \"Васил Дечев\"'),('2100903',21,198,937,'Професионална гимназия по селско, горско стопанство и туризъм \"Никола Йонков Вапцаров\"'),('2100905',21,198,938,'ОСНОВНО УЧИЛИЩЕ \"БАЧО КИРО\"'),('2100907',21,198,939,'Основно училище\"Цар Симеон І\"'),('2100920',21,198,937,'Спортно училище \"Олимпийски надежди\"'),('2101001',21,192,940,'Средно общообразователно училище \"Димитър Благоев\"'),('2101002',21,192,940,'ПРОФЕСИОНАЛНА ГИМНАЗИЯ \"ВАСИЛ ЛЕВСКИ\"'),('2101003',21,192,941,'ОСНОВНО УЧИЛИЩЕ \"ВАСИЛ ЛЕВСКИ\"'),('2101004',21,192,942,'Основно училище \"Христо Ботев\"'),('2101005',21,192,943,'ОСНОВНО УЧИЛИЩЕ \"НИКОЛА ЙОНКОВ ВАПЦАРОВ\"'),('2101006',21,192,944,'ОСНОВНО УЧИЛИЩЕ \"ВАСИЛ ЛЕВСКИ\"'),('2101007',21,192,945,'ОСНОВНО УЧИЛИЩЕ \"Христо Ботев\"'),('2101008',21,192,946,'ОСНОВНО УЧИЛИЩЕ \" НИКОЛА ЙОНКОВ ВАПЦАРОВ\"'),('2101009',21,192,947,'ОСНОВНО УЧИЛИЩЕ \" ЯНЕ САНДАНСКИ \"'),('2101010',21,192,940,'НАЧАЛНО УЧИЛИЩЕ \"ВЕРГИЛ ВАКЛИНОВ\"'),('2102145',21,194,930,'Професионална гимназия \"Васил Димитров\"'),('2103232',21,193,927,'СРЕДНО ОБЩООБРАЗОВАТЕЛНО УЧИЛИЩЕ \"АНТИМ І\"'),('2103321',21,197,906,'Природо-математическа гимназия \"Васил Левски\"'),('2103331',21,197,906,'Гимназия с преподаване на чужди езици \"Иван Вазов\"'),('2103341',21,194,948,'Средно общообразователно училище \"Свети Свети Кирил и Методий\"'),('2201078',22,199,967,'78 Средно общообразователно училище \"Христо Смирненски\"'),('2201400',22,199,967,'Професионална гимназия по туризъм \"Алеко Константинов\"'),('2202002',22,199,949,'2 Средно общообразователно училище \"Академик Емилиян Станев \"'),('2202005',22,199,949,'Пето основно училище \"Иван Вазов\"'),('2202026',22,199,949,'26 Средно общообразователно училище \"Йордан Йовков\"'),('2202050',22,199,949,'50 ОУ \"ВАСИЛ ЛЕВСКИ\"'),('2202052',22,199,949,'52 Основно училище \"Цанко Церковски\"'),('2202064',22,199,949,'64 основно училище \" Цар Симеон Велики \"'),('2202086',22,199,968,'86 Основно училище \"Св. Климент Охридски\"'),('2202152',22,199,951,'152 ОСНОВНО УЧИЛИЩЕ \"СВ.СВ. КИРИЛ И МЕТОДИЙ\"'),('2202401',22,199,949,'Професионална гимназия по екология и биотехнологии \"Проф. д-р Асен Златаров\"'),('2202602',22,199,949,'Четвърто помощно училище-интернат \"Проф. Димитър Кацаров\"'),('2202612',22,199,949,'Средно специално училище с детска градина за деца с увреден слух \"Проф. д-р Дечо Денев\"'),('2203061',22,199,949,'61-во основно училище \"Св. Св. Кирил и Методий\"'),('2203062',22,199,949,'62 Основно училище \"Христо Ботев\"'),('2203070',22,199,949,'70-о основно училище \"Свети Климент Охридски\"'),('2203074',22,199,949,'74 СОУ \"ГОЦЕ ДЕЛЧЕВ\"'),('2203140',22,199,949,'140 СРЕДНО ОБЩООБРАЗОВАТЕЛНО УЧИЛИЩЕ \"ИВАН БОГОРОВ\"'),('2203146',22,199,952,'146 Основно училище \"Патриарх Евтимий\"'),('2203175',22,199,953,'175 основно училище \"Васил Левски\"'),('2203603',22,199,949,'СОУ за деца с нарушено зрение \"ЛУИ БРАЙЛ\"'),('2204013',22,199,949,'13 Средно общообразователно училище \"Св.Св.Кирил и Методий\"'),('2204018',22,199,949,'18 Средно общообразователно училище \"Уилям Гладстон\"'),('2204030',22,199,949,'30 СРЕДНО ОБЩООБРАЗОВАТЕЛНО УЧИЛИЩЕ \"БРАТЯ МИЛАДИНОВИ\"'),('2204032',22,199,949,'32 Средно общообразователно училище с изучаване на чужди езици \"Свети Климент Охридски\"'),('2204046',22,199,949,'46 Основно училище \"Константин Фотинов\" с разширено изучаване на хореография'),('2204067',22,199,949,'67 ОСНОВНО УЧИЛИЩЕ \"ВАСИЛ ДРУМЕВ\"'),('2204076',22,199,949,'76 Основно училище \"Уилям Сароян\"'),('2204091',22,199,949,'91 Немска езикова гимназия \"Проф. Константин Гълъбов\"'),('2204134',22,199,949,'134 Средно общообразователно училище \"Димчо Дебелянов\"'),('2204136',22,199,949,'136 ОСНОВНО УЧИЛИЩЕ \"ЛЮБЕН КАРАВЕЛОВ\"'),('2204310',22,199,949,'5. Вечерно СОУ \"Пеньо Пенев\"'),('2204311',22,199,949,'Профилирана гимназия с интензивно изучаване на румънски език'),('2204402',22,199,949,'НАЦИОНАЛНА ПРОФЕСИОНАЛНА ГИМНАЗИЯ ПО ПРЕЦИЗНА ТЕХНИКА И ОПТИКА \"М. В. Ломоносов\"'),('2204403',22,199,949,'ПРОФЕСИОНАЛНА ГИМНАЗИЯ ПО ТЕКСТИЛНИ И КОЖЕНИ ИЗДЕЛИЯ'),('2204405',22,199,949,'ПРОФЕСИОНАЛНА ГИМНАЗИЯ ПО ПОДЕМНА, СТРОИТЕЛНА И ТРАНСПОРТНА ТЕХНИКА'),('2205011',22,199,949,'11 Основно Училище \"Свети Пимен Зографски\"'),('2205105',22,199,949,'105 СРЕДНО ОБЩООБРАЗОВАТЕЛНО УЧИЛИЩЕ \"АТАНАС ДАЛЧЕВ\"'),('2205119',22,199,949,'119 Средно общообразователно училище \"Академик Михаил Арнаудов\"'),('2205407',22,199,949,'СОФИЙСКА ПРОФЕСИОНАЛНА ГИМНАЗИЯ по ЕЛЕКТРОНИКА \"Джон Атанасов\"'),('2205408',22,199,949,'Професионална гимназия по фризьорство и козметика \"Княгиня Евдокия\"'),('2206003',22,199,949,'Трето средно общообразователно училище \"Марин Дринов\"'),('2206043',22,199,949,'43 основно училище \"Христо Смирненски\"'),('2206045',22,199,949,'45 ОСНОВНО УЧИЛИЩЕ \"КОНСТАНТИН ВЕЛИЧКОВ\"'),('2206113',22,199,949,'113 СОУ \"САВА ФИЛАРЕТОВ\"'),('2206302',22,199,949,'Втора английска езикова гимназия \"Томас Джеферсън\"'),('2206409',22,199,949,'Професионална гимназия по транспорт и енергетика \"Хенри Форд\"'),('2206410',22,199,949,'ПРОФЕСИОНАЛНА ГИМНАЗИЯ ПО АУДИО, ВИДЕО И ТЕЛЕКОМУНИКАЦИЯ \" А. С. Попов \"'),('2206411',22,199,949,'Професионална гимназия по хранително- вкусови технологии \"Проф. д-р Георги Павлов\"'),('2206613',22,199,949,'Първо помощно училище'),('2207004',22,199,949,'4. Основно училище \"Проф. Джон Атанасов\"'),('2207065',22,199,954,'65 основно училище \"Св.св. Кирил и Методий\"'),('2207068',22,199,949,'68 Средно общообразователно училище \"Академик Никола Обрешков\"'),('2207069',22,199,949,'69 Средно общообразователно училище \"Димитър Маринов\"'),('2207089',22,199,949,'89 ОУ \"Д-р Христо Стамболски\"'),('2207108',22,199,949,'108 Средно общообразователно училище \"Никола Беловеждов\"'),('2207150',22,199,949,'150-то ОСНОВНО УЧИЛИЩЕ \"ЦАР СИМЕОН ПЪРВИ\"'),('2207163',22,199,949,'163 ОСНОВНО УЧИЛИЩЕ \"ЧЕРНОРИЗЕЦ ХРАБЪР\"'),('2207412',22,199,949,'ПРОФЕСИОНАЛНА ГИМНАЗИЯ ПО ТРАНСПОРТ'),('2208017',22,199,949,'17 СОУ\"Дамян Груев\" с ранно чуждоезиково обучение'),('2208028',22,199,949,'28 Средно общообразователно училище \"Алеко Константинов\"'),('2208057',22,199,949,'57-мо Спортно училище \"Свети Наум Охридски\"'),('2208075',22,199,949,'75 ОСНОВНО УЧИЛИЩЕ \" ТОДОР КАБЛЕШКОВ \"'),('2208092',22,199,949,'92 Основно училище \"Димитър Талев\"'),('2208123',22,199,949,'123 Средно общообразователно училище \"Стефан Стамболов\"'),('2208135',22,199,949,'135 средно общообразователно училище \"Ян Амос Коменски\"'),('2208147',22,199,949,'147 Общинско Основно Училище \"Йордан Радичков\"'),('2208413',22,199,949,'Софийска гимназия по хлебни и сладкарски технологии'),('2208414',22,199,949,'Професионална гимназия по битова и електротранстпортна техника и строителство'),('2209019',22,199,949,'19 СРЕДНО ОБЩООБРАЗОВАТЕЛНО УЧИЛИЩЕ \"ЕЛИН ПЕЛИН\"'),('2209025',22,199,949,'25 основно училище \"Д-р Петър Берон\"'),('2209034',22,199,949,'34 ОСНОВНО УЧИЛИЩЕ \"СТОЮ ШИШКОВ\"'),('2209036',22,199,949,'36 Средно общообразователно училище \"Максим Горки\"'),('2209051',22,199,949,'51 СРЕДНО ОБЩООБРАЗОВАТЕЛНО УЧИЛИЩЕ \"Елисавета Багряна\"'),('2209132',22,199,949,'132. Средно общообразователно училище \"Ваня Войнова\"'),('2209142',22,199,949,'142 ОСНОВНО УЧИЛИЩЕ С РАННО ЧУЖДОЕЗИКОВО ОБУЧЕНИЕ'),('2209305',22,199,949,'Профилирана гимназия с изучаване на чужди езици \"Свети Методий\"'),('2210085',22,199,949,'85 Средно общообразователно училище \"Отец Паисий\"'),('2210115',22,199,955,'115 основно училище \"Свети, свети Кирил и Методий\"'),('2210116',22,199,949,'116 Основно училище \"Паисий Хилендарски\"'),('2210117',22,199,956,'117 Средно общообразователно училище \"Свети свети Кирил и Методий\"'),('2210156',22,199,949,'156-о основно училище \"Васил Левски\"'),('2210159',22,199,949,'159-о основно училище \"Васил Левски\"'),('2210162',22,199,949,'162 Основно училище \"Отец Паисий\"'),('2211021',22,199,949,'21 СРЕДНО ОБЩОБРАЗОВАТЕЛНО УЧИЛИЩЕ \"Христо Ботев\"'),('2211035',22,199,949,'35 СРЕДНО ОБЩООБРАЗОВАТЕЛНО УЧИЛИЩЕ \"ДОБРИ ВОЙНИКОВ\"'),('2211107',22,199,949,'107 основно училище \"Хан Крум\"'),('2211120',22,199,949,'120 Основно училище \"Георги Сава Раковски\"'),('2211122',22,199,949,'122 ОСНОВНО УЧИЛИЩЕ \"НИКОЛАЙ ЛИЛИЕВ\"'),('2211139',22,199,949,'139 Основно училище \"Захарий Круша\"'),('2211304',22,199,949,'Национална природо-математическа гимназия \"Академик Любомир Чакалов\"'),('2211417',22,199,949,'Професионална гимназия по облекло \"Княгиня Мария Луиза\"'),('2211419',22,199,949,'СОФИЙСКА ГИМНАЗИЯ ПО СТРОИТЕЛСТВО, АРХИТЕКТУРА И ГЕОДЕЗИЯ \"ХРИСТО БОТЕВ\"'),('2211420',22,199,949,'НАЦИОНАЛНА ФИНАНСОВО - СТОПАНСКА ГИМНАЗИЯ'),('2211557',22,199,949,'Софийска духовна семинария \"Св. Иван Рилски\"'),('2211607',22,199,949,'6 ПОМОЩНО УЧИЛИЩЕ'),('2212027',22,199,949,'27 Средно общообразователно училище \"Акад. Георги Караславов\"'),('2212033',22,199,949,'33 основно училище \"Санкт-Петербург\"'),('2212037',22,199,949,'37 СРЕДНО ОБЩООБРАЗОВАТЕЛНО УЧИЛИЩЕ \"РАЙНА КНЯГИНЯ\"'),('2212040',22,199,949,'40 Средно общообразователно училище \"Луи Пастьор\"'),('2212056',22,199,949,'56. Средно общообразователно училище \"Проф. Константин Иречек\"'),('2212077',22,199,949,'77 Основно училище \"Св. Св. Кирил и Методий\"'),('2212079',22,199,949,'79 средно общообразователно училище \"Индира Ганди\"'),('2212090',22,199,949,'90 Средно общообразователно училище \"Генерал Хосе де Сан Мартин\"'),('2212096',22,199,949,'96 Средно общообразователно училище с изучаване на чужди езици \"Лев Николаевич Толстой\"'),('2212097',22,199,949,'97 Средно общообразователно училище \"Братя Миладинови\"'),('2212103',22,199,949,'103 Основно училище \"Васил Левски\"'),('2212137',22,199,949,'137 средно общообразователно училище \"Ангел Кънчев\"'),('2212303',22,199,949,'33 ЕЗИКОВА ГИМНАЗИЯ \"СВЕТА СОФИЯ\"'),('2213010',22,199,949,'10 СРЕДНО ОБЩООБРАЗОВАТЕЛНО УЧИЛИЩЕ \" Т Е О Д О Р Т Р А Я Н О В \"'),('2213039',22,199,949,'39 СРЕДНО ОБЩООБРАЗОВАТЕЛНО УЧИЛИЩЕ \"ПЕТЪР ДИНЕКОВ\"'),('2213081',22,199,949,'81 Средно общообразователно училище \"Виктор Юго\"'),('2213082',22,199,949,'82-ро основно училище \"Васил Евстатиев Априлов\"'),('2213118',22,199,949,'118 СРЕДНО ОБЩООБРАЗОВАТЕЛНО УЧИЛИЩЕ \"АКАДЕМИК ЛЮДМИЛ СТОЯНОВ\"'),('2213125',22,199,949,'125 СОУ \"Проф. Боян Пенев\" с изучаване на чужди езици'),('2213128',22,199,949,'128 СРЕДНО ОБЩООБРАЗОВАТЕЛНО УЧИЛИЩЕ \"АЛБЕРТ АЙНЩАЙН\"'),('2213131',22,199,949,'131 СОУ \"Климент Аркадиевич Тимирязев\"'),('2213144',22,199,949,'144 Средно общообразователно училище \"Народни будители\"'),('2213145',22,199,949,'145 Средно общообразователно училище \" Симеон Радев \"- София - Република България'),('2213307',22,199,949,'СПОРТНО УЧИЛИЩЕ \"ГЕН. ВЛАДИМИР СТОЙЧЕВ\"'),('2213350',22,199,949,'Технологично училище Електронни системи към Технически университет - София'),('2214015',22,199,949,'15 Средно общообразователно училище \" Адам Мицкевич\"'),('2214016',22,199,949,'16 ОСНОВНО УЧИЛИЩЕ \" РАЙКО ЖИНЗИФОВ \"'),('2214054',22,199,949,'54 СРЕДНО ОБЩООБРАЗОВАТЕЛНО УЧИЛИЩЕ \"Св.ИВАН РИЛСКИ\"'),('2214063',22,199,949,'63 Основно училище \"Христо Ботев\"'),('2214098',22,199,949,'98 Начално училище \"Св. св. Кирил и Методий\"'),('2214101',22,199,949,'101 СРЕДНО ОБЩООБРАЗОВАТЕЛНО УЧИЛИЩЕ \"БАЧО КИРО\"'),('2214102',22,199,949,'102 Основно училище\" Панайот Волов\"'),('2214141',22,199,949,'141 Основно училище \"Народни будители\"'),('2214153',22,199,949,'153 Спортно училище \"Неофит Рилски\"'),('2214421',22,199,949,'Професионална гимназия по химични и микробиологични технологии \"Професор Пенчо Райков\"'),('2214608',22,199,949,'3 помощно училище\"Едуард Сеген\"'),('2215160',22,199,957,'160 Основно училище Кирил и Методий'),('2215170',22,199,958,'170 Средно общообразователно училище \"Васил Левски\"'),('2215171',22,199,958,'171 ОСНОВНО УЧИЛИЩЕ \"СТОИЛ ПОПОВ\"'),('2215172',22,199,958,'172 Основно училище \"Христо Ботев\"'),('2215176',22,199,959,'176 Основно училище \"Св. Св. Кирил и Методий\"'),('2215177',22,199,960,'177Основно училищеСвети Свети Кирил и Методий'),('2215179',22,199,961,'179 Основно училище \"Васил Левски\"'),('2216001',22,199,949,'Първо средно общообразователно училище \"Пенчо П. Славейков\"'),('2216112',22,199,949,'112 ОСНОВНО УЧИЛИЩЕ \"СТОЯН ЗАИМОВ\"'),('2216129',22,199,949,'129 Основно Училище \"Антим -І\"'),('2216164',22,199,949,'164 гимназия с преподаване на испански език \"Мигел де Сервантес\"'),('2216301',22,199,949,'Първа английска езикова гимназия'),('2216306',22,199,949,'Софийска математическа гимназия \"Паисий Хилендарски\"'),('2216309',22,199,949,'IV СМЕННО-ВЕЧЕРНА ГИМНАЗИЯ \" ОТЕЦ ПАИСИЙ \"'),('2216422',22,199,949,'Професионална гимназия по механоелектротехника \"Н.Й.Вапцаров\"'),('2216423',22,199,949,'СОФИЙСКА ПРОФЕСИОНАЛНА ГИМНАЗИЯ ПО ТУРИЗЪМ'),('2217053',22,199,949,'53 ОСНОВНО УЧИЛИЩЕ \"НИКОЛАЙ ХРЕЛКОВ\"'),('2217066',22,199,949,'66-то СОУ \"Филип Станиславов\"'),('2217072',22,199,949,'72 Основно училище \" Христо Ботев \"'),('2217088',22,199,949,'88 Средно общообразователно училище \"Димитър Попниколов\"'),('2217149',22,199,949,'149 Средно общообразователно училище \" Иван Хаджийски \"'),('2217151',22,199,949,'НАЦИОНАЛНО СРЕДНО ОБЩООБРАЗОВАТЕЛНО УЧИЛИЩЕ \"СОФИЯ\"'),('2217424',22,199,949,'ПРОФЕСИОНАЛНА ГИМНАЗИЯ ПО ЕЛЕКТРОТЕХНИКА И АВТОМАТИКА'),('2217426',22,199,949,'ПРОФЕСИОНАЛНА ГИМНАЗИЯ ПО СЕЛСКО СТОПАНСТВО \"БУЗЕМА\"'),('2217611',22,199,949,'99 Основно болнично училище \"Проф. Василка Томова\"'),('2218071',22,199,962,'71 Средно общообразователно училище \"Пейо Яворов\"'),('2218083',22,199,949,'83 Основно училище \"Елин Пелин\"'),('2218084',22,199,949,'84 ОСНОВНО УЧИЛИЩЕ \"ВАСИЛ ЛЕВСКИ\"'),('2218155',22,199,963,'155 ОСНОВНО УЧИЛИЩЕ \"СВЕТИ СВЕТИ КИРИЛ И МЕТОДИЙ\"'),('2218191',22,199,964,'191 основно училище \"Отец Паисий\"'),('2218192',22,199,965,'192 СОУ \"ХРИСТО БОТЕВ\"'),('2218200',22,199,966,'200 Основно училище \"Отец Паисий\"'),('2218201',22,199,966,'201 ОСНОВНО УЧИЛИЩЕ \"СВ.СВ. КИРИЛ И МЕТОДИЙ\"'),('2218202',22,199,950,'202 ОСНОВНО УЧИЛИЩЕ \"ХРИСТО БОТЕВ\"'),('2218606',22,199,962,'Основно училище с ПТУ при ЗО \"Казичане\"'),('2219024',22,199,949,'24 Средно общообразователно училище \"П. К. Яворов\"'),('2219042',22,199,949,'42 основно училище \" Хаджи Димитър\"'),('2219044',22,199,949,'44 Средно общообразователно училище \"Неофит Бозвели\"'),('2219049',22,199,949,'49-то Основно училище \"Бенито Хуарес\"'),('2219095',22,199,949,'95 СОУ \"Проф. Иван Шишманов\"'),('2219106',22,199,949,'106 Основно училище \" Григорий Цамблак \"'),('2219124',22,199,949,'124. Основно училище \"Васил Левски\"'),('2219130',22,199,949,'130 Средно общообразователно училище \"Стефан Караджа\"'),('2219143',22,199,949,'143 основно училище \"Георги Бенковски\"'),('2219166',22,199,949,'166 Спортно училище \"Васил Левски\"'),('2219199',22,199,949,'199 Основно Училище \"Свети Апостол Йоан Богослов\"'),('2220014',22,199,949,'14-то средно общобразователно училище \"ПРОФ. Д-Р АСЕН ЗЛАТАРОВ\"'),('2220029',22,199,949,'29 Средно общообразователно училище \"Кузман Шапкарев\"'),('2220048',22,199,949,'48 ОСНОВНО УЧИЛИЩЕ \"ЙОСИФ КОВАЧЕВ\"'),('2220058',22,199,949,'58 Основно училище \"Сергей Румянцев\"'),('2220059',22,199,949,'59 Основно училище \"Васил Левски\"'),('2220060',22,199,949,'60 ОУ \"Св.св.Кирил и Методий\"'),('2220100',22,199,949,'100 ОСНОВНО УЧИЛИЩЕ \"НАЙДЕН ГЕРОВ\"'),('2220308',22,199,949,'Профилирана гимназия за изобразителни изкуства \"Професор Николай Райнов\"'),('2220427',22,199,949,'Професионална гимназия по железопътен транспорт \"Никола Корчев\"'),('2220428',22,199,949,'ПГ ПО ВЪТРЕШНА АРХИ- ТЕКТУРА И ДЪРВООБРАБОТВАНЕ'),('2220429',22,199,949,'Професионална гимназия по топлинна и хладилна техника\"Карл фон Линде\"'),('2221023',22,199,949,'23 Средно общообразователно училище \"Фредерик Жолио-Кюри\"'),('2221031',22,199,949,'31 Средно училище за чужди езици и мениджмънт \"Иван Вазов\"'),('2221093',22,199,949,'93-то Средно общообразователно училище \"Александър Теодоров - Балан\"'),('2221094',22,199,949,'94-то Средно общообразователно училище \"Димитър Страшимиров\"'),('2221109',22,199,949,'109 Основно училище \"Христо Смирненски\"'),('2221138',22,199,949,'138 СРЕДНО ОБЩООБРАЗОВАТЕЛНО УЧИЛИЩЕ \"ПРОФ. ВАСИЛ ЗЛАТАРСКИ\"'),('2221148',22,199,949,'148 ОСНОВНО УЧИЛИЩЕ \"ПРОФЕСОР Д-Р ЛЮБОМИР МИЛЕТИЧ\"'),('2221157',22,199,949,'157 Гимназия с изучаване на чужд език \"Сесар Вайехо\"'),('2221430',22,199,949,'ПРОФЕСИОНАЛНА ГИМНАЗИЯ ПО ТРАНСПОРТ \"МАКГАХАН\"'),('2222006',22,199,949,'6 ОУ \"Граф Игнатиев\"'),('2222007',22,199,949,'СЕДМО СРЕДНО ОБЩООБРАЗОВАТЕЛНО УЧИЛИЩЕ \"СВЕТИ СЕДМОЧИСЛЕНИЦИ\"'),('2222009',22,199,949,'9 Френска езикова гимназия \"Алфонс дьо Ламартин\"'),('2222012',22,199,949,'12 СРЕДНО ОБЩООБРАЗОВАТЕЛНО УЧИЛИЩЕ \"ЦАР ИВАН АСЕН II\"'),('2222038',22,199,949,'38 основно училище\"Васил Априлов\"'),('2222127',22,199,949,'127 СРЕДНО ОБЩООБРАЗОВАТЕЛНО УЧИЛИЩЕ \"Иван Николаевич Денкоглу\"'),('2222133',22,199,949,'133 СОУ \" Александър Сергеевич Пушкин \"'),('2223008',22,199,949,'8 Средно общообразователно училище \"Васил Левски\"'),('2223055',22,199,949,'55 СРЕДНО ОБЩООБРАЗОВАТЕЛНО УЧИЛИЩЕ \"ПЕТКО КАРАВЕЛОВ\"'),('2223431',22,199,949,'ПРОФЕСИОНАЛНА ГИМНАЗИЯ ПО ТЕЛЕКОМУНИКАЦИИ'),('2224020',22,199,949,'20.Основно училище \"Тодор Минков\" с ранно чуждоезиково обучение'),('2224022',22,199,949,'22 Средно общообразователно училище \"Георги Стойков Раковски\"'),('2224041',22,199,949,'41 основно училище \"Св. Патриарх Евтимий\"'),('2224047',22,199,949,'47 СОУ \"Христо Г. Данов\"'),('2224073',22,199,949,'73. СОУ с преподаване на чужди езици \"Владислав Граматик\"'),('2224104',22,199,949,'104 основно училище \"Захари Стоянов\"'),('2224121',22,199,949,'121 СРЕДНО ОБЩООБРАЗОВАТЕЛНО УЧИЛИЩЕ \"ГЕОРГИ ИЗМИРЛИЕВ\"'),('2224126',22,199,949,'126 ОСНОВНО УЧИЛИЩЕ \"Петко Юрданов Тодоров\"'),('2224432',22,199,949,'Професионална гимназия по текстил и моден дизайн'),('2224433',22,199,949,'НАЦИОНАЛНА ТЪРГОВСКО - БАНКОВА ГИМНАЗИЯ'),('2300012',23,213,993,'Основно училище Отец Паисий'),('2300028',23,218,994,'ОСНОВНО УЧИЛИЩЕ \"ОТЕЦ ПАИСИЙ\"'),('2300052',23,202,995,'Прогимназия \"Христо Ботев\"'),('2300062',23,217,996,'ОСНОВНО УЧИЛИЩЕ \" ДИМЧО ДЕБЕЛЯНОВ\"'),('2300067',23,213,982,'Второ Основно училище \"Васил Левски\"'),('2300099',23,202,997,'Природо-математическа гимназия \" Акад. проф. д-р Асен Златаров \"'),('2300101',23,217,970,'Помощно училище интернат \"Никола Драмалиев\"'),('2300105',23,215,969,'Средно Общообразователно Училище \"Саво Ценов Савов\"'),('2300109',23,202,998,'Основно училище \" Свети свети Кирил и Методий \"'),('2300114',23,202,999,'Основно училище \"Любен Каравелов\"'),('2300123',23,208,1000,'Основно училище \"Св. Св. Кирил и Методий\"'),('2300131',23,217,970,'ПРОФИЛИРАНА ГИМНАЗИЯ \"КОНСТАНТИН ФОТИНОВ\"'),('2300163',23,203,1001,'СРЕДНО ОБЩООБРАЗОВАТЕЛНО УЧИЛИЩЕ \"ПРОФ.Д-Р АСЕН ЗЛАТАРОВ\"'),('2300170',23,207,1002,'Средно общообразователно училище \"Васил Левски\"'),('2300188',23,210,973,'Средно общообразователно училище \"Христо Ботев\"'),('2300195',23,208,1003,'Средно общообразователно училище \"Христо Ясенов\"'),('2300214',23,206,1004,'Средно общообразователно училище \"Христо Ботев\"'),('2300274',23,207,1002,'ПРОФЕСИОНАЛНА ГИМНАЗИЯ ПО КЕРАМИКА'),('2300284',23,202,997,'Професионална гимназия по техника и мениджмънт \"Христо Ботев\"'),('2300291',23,217,970,'Професионална техническа гимназия \"Никола Й. Вапцаров\"'),('2300302',23,209,976,'Аграрно -техническа професионална гимназия'),('2300327',23,208,1003,'Професионална гимназия'),('2300417',23,210,973,'Професионална гимназия \"Васил Левски\"'),('2300448',23,215,969,'Професионална гимназия по туризъм и хранителни технологии \"Никола Димов\"'),('2300455',23,219,1005,'Професионална гимназия по транспорт \"Никола Йонков Вапцаров\"'),('2300505',23,217,970,'Професионална гимназия по туризъм'),('2301044',23,202,997,'ТЕХНИЧЕСКА ПРОФЕСИОНАЛНА ГИМНАЗИЯ \"СТАМЕН ПАНЧЕВ\"'),('2301045',23,202,997,'Основно училище \"Свети Свети Кирил и Методий\"'),('2301881',23,217,970,'Основно училище \"Св.Св.Кирил и Методий\"'),('2302003',23,218,1006,'Основно училище \"Васил Левски\"'),('2302142',23,213,971,'Основно училище \"Отец Паисий\"'),('2302504',23,215,969,'ПРОФЕСИОНАЛНА ГИМНАЗИЯ ПО МЕХАНОЕЛЕКТРОТЕХНИКА'),('2303022',23,218,1007,'Професионална гимназия \"Велизар Пеев\"'),('2303106',23,217,970,'Средно общообразователно училище \"Отец Паисий\"'),('2303170',23,203,1001,'Помощно училище - интернат \"Васил Левски\"'),('2303456',23,208,1008,'Основно училище \"Христо Ботев\"'),('2303490',23,212,980,'СОУ \"Св. КЛИМЕНТ ОХРИДСКИ\"'),('2303582',23,205,1009,'ПРОФЕСИОНАЛНА ГИМНАЗИЯ \"ХРИСТО БОТЕВ\"'),('2303825',23,217,970,'Основно Професионално Училище \"Неофит Рилски\"'),('2304051',23,218,1007,'НАЧАЛНО УЧИЛИЩЕ \"Д-Р ПЕТЪР БЕРОН\"'),('2304101',23,210,973,'ОСНОВНО УЧИЛИЩЕ \"ДИМЧО ДЕБЕЛЯНОВ\"'),('2304610',23,217,970,'СПОРТНО УЧИЛИЩЕ \"НИКОЛА ВЕЛЧЕВ\"'),('2304717',23,212,980,'Професионална гимназия \"Георги Сава Раковски\"'),('2304763',23,212,980,'ОСНОВНО УЧИЛИЩЕ \" КОНСТАНТИН КОСТЕНЕЧКИ\"'),('2304770',23,216,986,'ГИМНАЗИЯ С ПРЕПОДАВАНЕ НА ЧУЖДИ ЕЗИЦИ \"АЛЕКО КОНСТАНТИНОВ\"'),('2306213',23,205,1009,'Средно общообразователно училище \"Неофит Рилски\"'),('2306331',23,211,1010,'Средно общообразователно училище \"Любен Каравелов\"'),('2306477',23,207,1002,'НАЧАЛНО УЧИЛИЩЕ \"ОТЕЦ ПАИСИЙ\"'),('2306517',23,219,1005,'Средно общообразователно училище \"Св.Св. Кирил и Методий\"'),('2306518',23,219,1011,'Основно Училище \"Иван Вазов\"'),('2307223',23,221,1012,'ОСНОВНО УЧИЛИЩЕ \"СВЕТИ СВЕТИ КИРИЛ И МЕТОДИЙ\"'),('2307255',23,200,1013,'ОСНОВНО УЧИЛИЩЕ \"СВ.СВ. КИРИЛ И МЕТОДИЙ'),('2307277',23,214,972,'ОСНОВНО УЧИЛИЩЕ \"ГЕОРГИ БЕНКОВСКИ\"'),('2307562',23,203,1001,'Начално училище \" Христо Ботев \"'),('2307576',23,207,1002,'Начално училище \"Христо Ботев\"'),('2307612',23,217,970,'Начално училище \"Петър Берон\"'),('2308290',23,213,982,'ПЪРВО ОСНОВНО УЧИЛИЩЕ \"Васил Левски\"'),('2308415',23,202,995,'Основно училище \"Васил Левски\"'),('2308493',23,218,977,'ОСНОВНО УЧИЛИЩЕ \"Св.Св.КИРИЛ И МЕТОДИИ\"'),('2308753',23,202,997,'О У \"ВАСИЛ ЛЕВСКИ\"'),('2308760',23,202,997,'Основно училище \" Никола Йонков Вапцаров\"'),('2308778',23,207,1002,'Основно училище \"Стефан Стефанов\"'),('2308785',23,208,1003,'Основно училище\"Христо Ботев\" - Етрополе'),('2308792',23,209,976,'Средно общообразователно училище \"Свети Паисий Хилендарски\"'),('2308810',23,210,973,'Основно училище \"Свети Свети Кирил и Методий\"'),('2308828',23,218,1014,'ОСНОВНО УЧИЛИЩЕ \"СВЕТИ ИВАН РИЛСКИ\"'),('2308850',23,215,969,'Начално Училище\"Тодор Генчев Влайков\"'),('2308867',23,218,1007,'Средно общообразователно училище \"Иван Вазов\"'),('2308899',23,217,970,'Начално училище \"Станислав Доспевски\"'),('2308917',23,217,970,'ОСНОВНО УЧИЛИЩЕ \"Митрополит Авксентий Велешки\"'),('2308924',23,217,970,'Основно училище \"Христо Максимов\"'),('2308970',23,201,1015,'Средно общообразователно училище \"Летец Христо Топракчиев\"'),('2308988',23,201,978,'Основно училище \"Свети свети Кирил и Методий\"'),('2309015',23,202,979,'ОСНОВНО УЧИЛИЩЕ \" ОТЕЦ ПАИСИЙ\"'),('2309022',23,202,1016,'ОСНОВНО УЧИЛИЩЕ \"СВЕТИ СВЕТИ КИРИЛ И МЕТОДИЙ\"'),('2309054',23,210,1017,'Основно училище \"Христо Смирненски\"'),('2309080',23,207,1018,'Основно училище \"Отец Паисий\"'),('2309111',23,218,1019,'ОСНОВНО УЧИЛИЩЕ \"ХРИСТО БОТЕВ\"'),('2309200',23,204,1020,'ОСНОВНО УЧИЛИЩЕ\"СВ.СВ.КИРИЛ И МЕТОДИЙ\"'),('2309225',23,204,981,'Средно общообразователно училище \"Христо Ботев\"'),('2309264',23,207,1021,'Основно училище \"Христо Ботев\"'),('2309314',23,216,1022,'Основно училище \"Христо Ботев\"'),('2309321',23,216,1023,'Основно училище \"Васил Левски\"'),('2309339',23,216,1024,'Основно училище \"Любен Каравелов\"'),('2309353',23,217,1025,'ОСНОВНО УЧИЛИЩЕ \"ХРИСТО СМИРНЕНСКИ\''),('2309385',23,204,1026,'Основно училище \"Отец Паисий\"'),('2309403',23,207,1027,'Основно училище \"Иван Вазов\"'),('2309410',23,207,1028,'Основно училище \"Свети свети Кирил и Методий\"'),('2309454',23,208,1029,'Основно училище \"Георги Бенковски\"'),('2309499',23,220,1030,'Основно училище \"Св. Св. Кирил и Методий\"'),('2309531',23,212,980,'ОСНОВНО УЧИЛИЩЕ \"Св. св. КИРИЛ И МЕТОДИЙ\"'),('2309606',23,217,974,'ОСНОВНО УЧИЛИЩЕ \" ВАСИЛ ЛЕВСКИ\"'),('2309638',23,213,982,'Средно общообразователно училище \"Д-р ПЕТЪР БЕРОН\"'),('2309684',23,207,983,'Основно училище \"Св. Св. Кирил и Методий\"'),('2309691',23,207,984,'Основно училище \"Христо Ботев\"'),('2309735',23,213,982,'Професионална гимназия по ветеринарна медицина и селско стопанство \"Св. Г. Победоносец\"'),('2309766',23,202,985,'Основно училище \"Васил Левски\"'),('2309862',23,216,986,'ОСНОВНО УЧИЛИЩЕ \"ВАСИЛ ЛЕВСКИ\"'),('2309875',23,216,987,'Основно училище \"Христо Ботев\"'),('2309887',23,216,988,'Основно училище \"Никола Йонков Вапцаров\"'),('2309912',23,218,975,'ОСНОВНО УЧИЛИЩЕ \"Д-р Петър Берон\"'),('2309928',23,218,989,'ОСНОВНО УЧИЛИЩЕ \"Елин Пелин\"'),('2309937',23,218,990,'Основно училище \"Св.Климент Охридски\"'),('2309944',23,217,991,'ОСНОВНО УЧИЛИЩЕ \"ХРИСТО БОТЕВ\"'),('2309990',23,218,992,'ОСНОВНО УЧИЛИЩЕ \"Св.Св.Кирил и Методий\"'),('2309991',23,216,986,'Професионална Гимназия по Компютърни Технологии и Системи'),('2400014',24,231,1033,'СРЕДНО ОБЩООБРАЗОВАТЕЛНО УЧИЛИЩЕ \"ЖЕЛЕЗНИК\"'),('2400102',24,231,1033,'Природоматематическа гимназия \"Гео Милев\"'),('2400103',24,231,1033,'ГИМНАЗИЯ \" ХРИСТО БОТЕВ\" СТАРА ЗАГОРА'),('2400104',24,231,1033,'СРЕДНО ОБЩООБРАЗОВАТЕЛНО УЧИЛИЩЕ \"Васил Левски\"'),('2400105',24,231,1033,'Средно общообразователно училище \"Христо Смирненски\"'),('2400106',24,231,1033,'Средно общообразователно училище \"Максим Горки\"'),('2400107',24,231,1033,'Средно общообразователно училище \"Иван Вазов\"'),('2400108',24,231,1033,'СПОРТНО УЧИЛИЩЕ\"ТОДОР КАБЛЕШКОВ\"'),('2400109',24,231,1033,'Основно училище \"Георги Райчев\"'),('2400110',24,231,1033,'Вечерно СОУ \"Захари Стоянов\"'),('2400111',24,231,1033,'Професионална гимназия по механотехника и транспорт \"Н. Й. Вапцаров\"'),('2400112',24,231,1033,'ПРОФЕСИОНАЛНА ГИМНАЗИЯ ПО ЕЛЕКТРОТЕХНИКА \" Г. С. РАКОВСКИ\"'),('2400115',24,231,1033,'ПРОФЕСИОНАЛНА ГИМНАЗИЯ ПО БИОТЕХНОЛОГИИ И ХИМИЧНИ ТЕХНОЛОГИИ \"ДМИТРИЙ МЕНДЕЛЕЕВ\"'),('2400116',24,231,1033,'ПРОФЕСИОНАЛНА ГИМНАЗИЯ ПО ВЕТЕРИНАРНА МЕДИЦИНА \"ИВАН П. ПАВЛОВ\"'),('2400117',24,231,1033,'ПРОФЕСИОНАЛНА ГИМНАЗИЯ ПО ЕЛЕКТРОНИКА \"ДЖОН АТАНАСОВ\"'),('2400119',24,231,1033,'Професионална гимназия по строителство и дървообработване \"Инж. Недьо Ранчев\"'),('2400121',24,231,1033,'Вечерно професионално училище \"Поп Минчо Кънчев\" при Затвора гр.Стара Загора'),('2400122',24,231,1033,'Първо основно училище \"Георги Бакалов\"'),('2400123',24,231,1033,'Второ основно училище \"Петко Рачов Славейков\"'),('2400124',24,231,1033,'Начално Училище \"Кольо Ганчев\"'),('2400125',24,231,1033,'ЧЕТВЪРТО ОСНОВНО УЧИЛИЩЕ \"КИРИЛ ХРИСТОВ \"'),('2400126',24,231,1033,'ПЕТО ОСНОВНО УЧИЛИЩЕ \" Митьо Станев \"'),('2400128',24,231,1033,'Седмо основно училище \"Митрополит Методий Кусев\"'),('2400129',24,231,1033,'Основно училище \"Самара\"'),('2400130',24,231,1033,'Девето основно училище \"Веселин Ханчев\"'),('2400131',24,231,1033,'Десето основно училище \"Св. Св. Кирил и Методий\"'),('2400132',24,231,1033,'Единадесето основно училище \"Николай Лилиев\"'),('2400133',24,231,1033,'Дванадесето основно училище \"Георги Гърбачев\"'),('2400134',24,231,1033,'Тринадесето основно училище \"Свети Паисий Хилендарски\"'),('2400138',24,231,1070,'Основно училище \"Христо Ботев\"'),('2400139',24,231,1071,'Основно училище \"Христо Ботев\" с. Горно Ботево'),('2400140',24,231,1072,'Основно училище \"Иван Мирчев\" с.Дълбоки община Стара Загора'),('2400141',24,231,1073,'Основно училище \"Христо Ботев\"'),('2400142',24,231,1074,'Основно училище \"Отец Паисий\"'),('2400143',24,231,1042,'Основно училище \"Бойчо Русев\"'),('2400144',24,231,1034,'ОУ \"Св. св. Кирил и Методий\", с. Хан Аспарухово'),('2400145',24,231,1075,'Основно училище \"Христо Ботев\"'),('2400146',24,231,1033,'Начално училище \"Димитър Благоев\"'),('2400147',24,231,1033,'Начално училище \"Зора\"'),('2400165',24,231,1033,'Професионална гимназия по облекло и хранене \"Райна Княгиня\"'),('2400261',24,225,1031,'Гимназия \"Академик Петко Стайнов\"'),('2400262',24,225,1031,'Природо-математическа гимназия \"Никола Обрешков\"'),('2400263',24,225,1031,'ХУМАНИТАРНА ГИМНАЗИЯ \"СВ.СВ.КИРИЛ И МЕТОДИЙ \"'),('2400264',24,225,1031,'Средно общообразователно училище \"Екзарх Антим І \"'),('2400265',24,225,1031,'ПРОФЕСИОНАЛНА ГИМНАЗИЯ \"ИВАН ХАДЖИЕНОВ\"'),('2400266',24,225,1031,'ПРОФЕСИОНАЛНА ГИМНАЗИЯ ПО ТРАНСПОРТ И ТРАНСПОРТЕН МЕНИДЖМЪНТ'),('2400268',24,225,1031,'Професионална гимназия по лека промишленост и туризъм'),('2400270',24,225,1031,'Професионална гимназия по строителство'),('2400271',24,225,1031,'Основно училище \"Кулата\"'),('2400272',24,225,1031,'Основно училище \"Георги Кирков\"'),('2400273',24,225,1031,'Основно училище \"Свети Паисий Хилендарски \"'),('2400274',24,225,1031,'ОСНОВНО УЧИЛИЩЕ \"МАТИ БОЛГАРИЯ\"'),('2400275',24,225,1031,'Основно училище \"Чудомир\"'),('2400276',24,225,1031,'Основно училище \"Никола Йонков Вапцаров\"'),('2400277',24,225,1031,'ОСНОВНО УЧИЛИЩЕ \"АНТОН СТРАШИМИРОВ\"'),('2400278',24,225,1076,'Основно Училище \" Васил Левски\"'),('2400279',24,225,1077,'ОСНОВНО УЧИЛИЩЕ\"СВЕТИ КЛИМЕНТ ОХРИДСКИ\"'),('2400280',24,225,1035,'ОСНОВНО УЧИЛИЩЕ \"ХРИСТО БОТЕВ\"'),('2400281',24,225,1078,'ОУ \"КИРИЛ И МЕТОДИЙ\''),('2400282',24,225,1079,'Основно училище \"Свети Климент Охридски\"'),('2400283',24,225,1080,'Основно Училище \"Свети Свети Кирил и Методий\"'),('2400284',24,225,1081,'ОСНОВНО УЧИЛИЩЕ \"Д-Р ПЕТЪР БЕРОН\"'),('2400286',24,225,1082,'Основно училище \"Свети Свети Кирил и Методий\"'),('2400287',24,225,1032,'Основно училище \"Свети Паисий Хилендарски\"'),('2400288',24,225,1083,'Основно училище \"Д-Р ПЕТЪР БЕРОН\"'),('2400289',24,225,1084,'Основно училище \"Свети свети Кирил и Методий\"'),('2400837',24,228,1085,'Основно училище \"Христо Ботев\"'),('2401052',24,230,1036,'Средно общообразователно училище \"Гео Милев\"'),('2401053',24,230,1036,'Професионална гимназия \"Св.Иван Рилски\"'),('2401054',24,230,1036,'Първо основно училище \"Свети Климент Охридски\"'),('2401055',24,230,1036,'ВТОРО ОСНОВНО УЧИЛИЩЕ \"СВЕТИ ПАИСИЙ ХИЛЕНДАРСКИ\"'),('2401058',24,230,1037,'Основно училище \"Поп Минчо\"'),('2401060',24,230,1086,'Основно училище \"Свети свети Кирил и Методий\"'),('2401061',24,230,1087,'ОСНОВНО УЧИЛИЩЕ \"ЙОРДАН ЙОВКОВ\"'),('2401178',24,232,1038,'Средно общообразователно училище \"Пейо Крачолов Яворов\"'),('2401179',24,232,1038,'Професионална гимназия по селско стопанство'),('2401181',24,232,1038,'Основно училище \"Васил Левски\"'),('2401182',24,232,1038,'Основно училище \"Свети свети Кирил и Методий\"'),('2401184',24,232,1088,'ОСНОВНО УЧИЛИЩЕ \"ВАСИЛ ЛЕВСКИ\"'),('2401185',24,232,1043,'Основно училище \" Отец Паисий \"'),('2401186',24,232,1044,'Основно училище \"Кирил и Методий\"'),('2401189',24,232,1038,'Начално училище \"Свети Климент Охридски\"'),('2402016',24,231,1033,'Търговска гимназия \"Княз Симеон Търновски\"'),('2402131',24,231,1033,'Професионална гимназия по строителство, архитектура и геодезия \"Лубор Байер\"'),('2403098',24,222,1089,'СРЕДНО ОБЩООБРАЗОВАТЕЛНО УЧИЛИЩЕ \"ХРИСТО БОТЕВ\"'),('2403099',24,222,1046,'ОСНОВНО УЧИЛИЩЕ \"ПЕЙО КРАЧОЛОВ ЯВОРОВ\"'),('2403100',24,222,1047,'ОСНОВНО УЧИЛИЩЕ \" Д-Р ПЕТЪР БЕРОН\"'),('2403102',24,222,1039,'ОСНОВНО УЧИЛИЩЕ \"ХРИСТО БОТЕВ\"'),('2403103',24,222,1048,'ОСНОВНО УЧИЛИЩЕ \"ГЕОРГИ САВА РАКОВСКИ\"'),('2403105',24,222,1049,'ОСНОВНО УЧИЛИЩЕ \"СВЕТИ СВЕТИ КИРИЛ И МЕТОДИЙ\"'),('2403219',24,231,1033,'ШЕСТО ОСНОВНО УЧИЛИЩЕ \"СВЕТИ НИКОЛА\"'),('2403264',24,231,1033,'Гимназия с преподаване на чужди езици \"Ромен Ролан\"'),('2404107',24,224,1040,'Средно общообразователно училище \"Васил Левски\"'),('2404108',24,224,1040,'Професионална гимназия по енергетика и електротехника'),('2404109',24,224,1040,'Първо Основно Училище \"Свети Паисий Хилендарски\"'),('2404110',24,224,1040,'Второ основно училище\" Христо Ботев\"'),('2404113',24,224,1050,'Основно училище \"Свети Свети Кирил и Методий\"'),('2405116',24,226,1051,'ОСНОВНО УЧИЛИЩЕ \"ХРИСТО БОТЕВ\"'),('2405117',24,226,1051,'Професионална гимназия по селско стопанство \"Гео Милев\"'),('2405118',24,226,1052,'ОСНОВНО УЧИЛИЩЕ \"СВЕТИ СВЕТИ КИРИЛ И МЕТОДИЙ\"'),('2405119',24,226,1053,'Основно училище \"Св.св.Кирил и Методий\"'),('2405120',24,226,1054,'Основно училище \"Христо Смирненски\"'),('2405122',24,226,1041,'Основно училище \"Христо Ботев\"'),('2405123',24,226,1055,'Начално училище ,,Свeти Паисий Хилендарски\"'),('2405125',24,226,1051,'ПОМОЩНО УЧИЛИЩЕ ИНТЕРНАТ\"Д-Р ПЕТЪР БЕРОН\"'),('2406129',24,223,1056,'СРЕДНО ОБЩООБРАЗОВАТЕЛНО УЧИЛИЩЕ \"ХРИСТО СМИРНЕНСКИ\", гр.ГУРКОВО'),('2406130',24,223,1057,'Основно училище \"Св.Св. Кирил и Методий\"'),('2407132',24,227,1058,'Професионална гимназия \"АТАНАС ДАМЯНОВ \"'),('2407133',24,227,1058,'Основно училище \"Свети Свети Кирил и Методий\"'),('2407134',24,227,1059,'Начално училище \"Васил Левски\" с. Едрево общ. Николаево'),('2407135',24,227,1060,'Начално училище \"Братя Жекови\" с. Елхово общ. Николаево'),('2407136',24,227,1061,'Начално училище \" Св. Св. Кирил и Методий\"'),('2408151',24,231,1033,'ПОМОЩНО УЧИЛИЩЕ \" ЛЮБЕН КАРАВЕЛОВ\" СТАРА ЗАГОРА'),('2409139',24,229,1062,'СРЕДНО ОБЩООБРАЗОВАТЕЛНО УЧИЛИЩЕ \"ХРИСТО БОТЕВ\"'),('2409140',24,229,1062,'Професионална гимназия по ресторантьорство и хотелиерство'),('2409141',24,229,1063,'Основно училище \"Христо Ботев\"'),('2409142',24,229,1064,'Основно училище \"Никола Йонков Вапцаров\"'),('2409143',24,229,1065,'Основно училище \"Васил Левски\"'),('2409145',24,229,1045,'Основно училище \"Георги Бенковски\"'),('2409146',24,229,1066,'Основно училище \"Христо Ботев\"'),('2409147',24,229,1067,'Основно училище\"Генерал Скобелев\"'),('2409148',24,229,1068,'Основно училище \"Просвета\"'),('2409149',24,229,1069,'ОСНОВНО УЧИЛИЩЕ \"Св. Паисий Хилендарски\"'),('2500101',25,237,1102,'Първо основно училище \"Христо Ботев\"'),('2500102',25,237,1102,'Второ основно училище \"Никола Йонков Вапцаров\"'),('2500103',25,237,1102,'Трето основно училище \"Петко Рачов Славейков\"'),('2500104',25,237,1102,'Четвърто основно училище \"Иван Вазов\"'),('2500108',25,237,1103,'Основно училище \"Свети Свети Кирил и Методий\"'),('2500109',25,237,1104,'Основно училище \"Христо Ботев\"'),('2500110',25,237,1105,'Основно училище Георги Стойков Раковски'),('2500111',25,237,1106,'Основно училище \"Св.Св. Кирил и Методий\"'),('2500112',25,237,1107,'Основно училище Свети свети Кирил и Методий'),('2500114',25,237,1108,'Основно училище \"Христо Ботев\"'),('2500115',25,237,1109,'Основно училище \"Христо Ботев\"'),('2500116',25,237,1110,'Основно училище \"Паисий Хилендарски\"'),('2500118',25,237,1111,'Основно училище \"Отец Паисий\"'),('2500120',25,237,1112,'Основно училище \"Христо Ботев\"'),('2500201',25,233,1113,'Средно общообразователно училище \"Свети Свети Кирил и Методий\"'),('2500203',25,237,1102,'Спортно училище \" Никола Симов\"'),('2500204',25,237,1102,'Първо средно общообразователно училище \"Свети Седмочисленици\"'),('2500301',25,237,1102,'Профилирана гимназия с изучаване на чужди езици \"Митрополит Андрей\"'),('2500601',25,237,1102,'Професионална гимназия по икономическа информатика \"Джон Атанасов\"'),('2500602',25,237,1102,'Професионална техническа гимназия \"Цар Симеон Велики\"'),('2500603',25,237,1102,'Професионална гимназия по Електротехника и строителство'),('2500604',25,237,1102,'Професионална гимназия по туризъм и хранително-вкусови технологии \"Алеко Константинов\"'),('2500605',25,237,1102,'Професионална гимназия по земеделие'),('2500703',25,237,1102,'Средно общообразователно училище за деца с увреден слух \"Свети Иван Рилски\"'),('2500704',25,237,1102,'Помощно училище - интернат \"Д-р Петър Берон\"'),('2501694',25,237,1102,'Второ средно общообразователно училище \"Професор Никола Маринов\"'),('2510001',25,233,1114,'Начално училище \"Д-р Петър Берон\"'),('2510102',25,233,1115,'ОСНОВНО УЧИЛИЩЕ \"НИКОЛА ЙОНКОВ ВАПЦАРОВ\"'),('2510104',25,233,1116,'Основно училище Никола Йонков Вапцаров'),('2520001',25,234,1090,'Първо начално училище \"Христо Смирненски\"'),('2520002',25,234,1090,'Второ начално училище \" Васил Левски \"'),('2520101',25,234,1117,'Основно училище \"Георги Бенковски\"'),('2520102',25,234,1118,'Основно училище \"Никола Йонков Вапцаров\"'),('2520104',25,234,1119,'Основно училище \"Христо Ботев\"'),('2520105',25,234,1120,'Основно училище \"Христо Ботев\"'),('2520106',25,234,1121,'Основно училище \"Христо Смирненски\"'),('2520107',25,234,1122,'Основно училище \"Д-р Петър Берон\"'),('2520401',25,234,1090,'Гимназия \"Симеон Велчев\"'),('2520501',25,234,1090,'Прогимназия \"Академик Даки Йорданов\"'),('2520601',25,234,1090,'Професионална гимназия по транспорт и лека промишленост'),('2530102',25,235,1091,'Основно училище \"Алеко Константинов\"'),('2530104',25,235,1092,'Основно училище \"Васил Левски\"'),('2530201',25,235,1093,'Средно Общообразователно Училище \"Васил Левски\"'),('2540101',25,236,1094,'Основно училище \"Никола Йонков Вапцаров\"'),('2540102',25,236,1094,'Основно училище \"Свети Климент Охридски\"'),('2540103',25,236,1094,'Основно училище \"Любен Каравелов\"'),('2540105',25,236,1095,'Основно училище \"Отец Паисий\"'),('2540107',25,236,1096,'Основно училище \"Свети Свети Кирил и Методий\"'),('2540108',25,236,1097,'Основно училище \"Любен Каравелов\"'),('2540109',25,236,1098,'Основно училище \" Христо Ботев\"'),('2540110',25,236,1099,'Основно училище \"Христо Ботев\"'),('2540111',25,236,1100,'Основно училище \"Антон Страшимиров\"'),('2540112',25,236,1101,'Oсновно училище \" Васил Левски \"'),('2540401',25,236,1094,'Гимназия \"Христо Ботев\"'),('2540601',25,236,1094,'Професионална гимназия по техника и лека промишленост'),('2540602',25,236,1094,'Професионална гимназия по селско стопанство'),('2601001',26,248,1123,'НАЧАЛНО УЧИЛИЩЕ \"ГЕОРГИ САВА РАКОВСКИ\"'),('2601004',26,248,1123,'ОСНОВНО УЧИЛИЩЕ \"ЛЮБЕН КАРАВЕЛОВ\"'),('2601005',26,248,1123,'Основно Училище \"Св. Св. Кирил и Методий \"'),('2601006',26,248,1123,'Основно училище \"Шандор Петьофи\"'),('2601008',26,248,1123,'ОСНОВНО УЧИЛИЩЕ \"СВЕТИ КЛИМЕНТ ОХРИДСКИ\"'),('2601009',26,248,1123,'ОСНОВНО УЧИЛИЩЕ \"НИКОЛА ЙОНКОВ ВАПЦАРОВ\"'),('2601010',26,248,1123,'Основно училище \"Св. Иван Рилски\"'),('2601011',26,248,1123,'ОСНОВНО УЧИЛИЩЕ \"ХРИСТО СМИРНЕНСКИ\"'),('2601015',26,248,1154,'ОСНОВНО УЧИЛИЩЕ \"ХРИСТО БОТЕВ\"'),('2601017',26,248,1155,'ОСНОВНО УЧИЛИЩЕ \"ЛЮБЕН КАРАВЕЛОВ\"'),('2601019',26,248,1156,'ОСНОВНО УЧИЛИЩЕ \" Христо Ботев \"'),('2601020',26,248,1157,'ОСНОВНО УЧИЛИЩЕ \"ХРИСТО БОТЕВ\"'),('2601021',26,248,1158,'ОСНОВНО УЧИЛИЩЕ \"СВ. СВ. КИРИЛ И МЕТОДИЙ\"'),('2601022',26,248,1159,'ОСНОВНО УЧИЛИЩЕ \"ВАСИЛ ЛЕВСКИ\"'),('2601024',26,248,1160,'Основно училище \"Свети Свети Кирил и Методий\"'),('2601025',26,248,1123,'СРЕДНО ОБЩООБРАЗОВАТЕЛНО УЧИЛИЩЕ ВАСИЛ ЛЕВСКИ'),('2601026',26,248,1123,'Средно общообразователно училище \"Св.Паисий Хилендарски\"'),('2601027',26,248,1123,'СПОРТНО УЧИЛИЩЕ \"СТЕФАН КАРАДЖА\"'),('2601028',26,248,1123,'Гимназия с преподаване на чужди езици \"Проф. д-р Асен Златаров\"'),('2601029',26,248,1123,'Природо-математическа гимназия \"Академик Боян Петканчин\"'),('2601030',26,248,1123,'Професионална гимназия по транспорт \"Н.Й.Вапцаров\"'),('2601031',26,248,1123,'ФИНАНСОВО-СТОПАНСКА ГИМНАЗИЯ \"Атанас Буров\"'),('2601032',26,248,1123,'Професионална гимназия по туризъм \"Александър Паскалев\"'),('2601033',26,248,1123,'Професионална гимназия по селско стопанство'),('2601034',26,248,1123,'ПРОФЕСИОНАЛНА ГИМНАЗИЯ ПО ДЪРВООБРАБОТВАНЕ И СТРОИТЕЛСТВО \"ЦАР ИВАН АСЕН ІІ\"'),('2601035',26,248,1123,'ПРОФЕСИОНАЛНА ГИМНАЗИЯ ПО ЛЕКА ПРОМИШЛЕНОСТ \"РАЙНА КНЯГИНЯ\"'),('2601036',26,248,1123,'Професионална гимназия по механоелектротехника \"Стойчо и Кица Марчеви\"'),('2601038',26,248,1123,'ПОМОЩНО УЧИЛИЩЕ - ИНТЕРНАТ \"Д-Р ПЕТЪР БЕРОН\"'),('2602002',26,238,1124,'ОСНОВНО УЧИЛИЩЕ \"Пейо Крачолов Яворов\"'),('2602003',26,238,1124,'ОСНОВНО УЧИЛИЩЕ \"СВЕТИ СВЕТИ КИРИЛ И МЕТОДИЙ\"'),('2602004',26,238,1124,'ОСНОВНО УЧИЛИЩЕ \"АЛЕКО КОНСТАНТИНОВ\"'),('2602006',26,238,1124,'ОСНОВНО УЧИЛИЩЕ \"ПЕНЧО СЛАВЕЙКОВ\"'),('2602008',26,238,1161,'ОСНОВНО УЧИЛИЩЕ \"ХРИСТО БОТЕВ\"'),('2602011',26,238,1162,'ОСНОВНО УЧИЛИЩЕ \"ДИМИТЪР НЕДЯЛКОВ МАТЕВСКИ\"'),('2602014',26,238,1163,'Основно училище \"Христо Смирненски\"'),('2602016',26,238,1164,'ОСНОВНО УЧИЛИЩЕ \"ВАСИЛ ЛЕВСКИ\"'),('2602017',26,238,1124,'Средно общообразователно училище \"Васил Левски\"'),('2602018',26,238,1124,'Средно общообразователно училище \"Любен Каравелов\"'),('2602019',26,238,1124,'Природо-математическа гимназия със засилено изучаване на чужди езици \"Иван Вазов\"'),('2602020',26,238,1124,'Езикова гимназия \"Д-р Иван Богоров\"'),('2602023',26,238,1124,'Професионална гимназия по химични и хранителни технологии \"Проф. д-р Асен Златаров\"'),('2602050',26,238,1124,'Професионална гимназия \"Капитан Петко Войвода\"'),('2603001',26,247,1125,'Начално училище \"Отец Паисий\"'),('2603002',26,247,1125,'НАЧАЛНО УЧИЛИЩЕ \"АЛЕКО КОНСТАНТИНОВ\"'),('2603003',26,247,1126,'Основно училище \"Христо Ботев\"'),('2603004',26,247,1127,'ОСНОВНО УЧИЛИЩЕ \" ИВАН ВАЗОВ \"'),('2603005',26,247,1128,'ОСНОВНО УЧИЛИЩЕ \"СВЕТИ СВЕТИ КИРИЛ И МЕТОДИЙ\"'),('2603006',26,247,1129,'Основно училище \"Христо Ботев\"'),('2603007',26,247,1125,'Основно училище \"Иван Вазов\"'),('2603008',26,247,1125,'СРЕДНО ОБЩООБРАЗОВАТЕЛНО УЧИЛИЩЕ \" НЕОФИТ РИЛСКИ\"'),('2603009',26,247,1125,'Професионална гимназия по електропромишленост и текстил \"Захари Стоянов\"'),('2603010',26,247,1125,'ПОМОЩНО УЧИЛИЩЕ ИНТЕРНАТ \"ПЕТКО РАЧОВ СЛАВЕЙКОВ\"'),('2604001',26,244,1130,'НАЧАЛНО УЧИЛИЩЕ \"ОТЕЦ ПАИСИЙ\"'),('2604003',26,244,1130,'ОСНОВНО УЧИЛИЩЕ \" Иван Вазов \"'),('2604004',26,244,1130,'Средно общообразователно училище \"Свети Климент Охридски\"'),('2605001',26,243,1131,'Начално училище \"Христо Попмарков\"'),('2605002',26,243,1131,'ПЪРВО ОСНОВНО УЧИЛИЩЕ \"ИВАН ВАЗОВ\"'),('2605003',26,243,1131,'Основно училище \"Любен Каравелов\"'),('2605005',26,243,1137,'Основно училище \"Христо Ботев\"'),('2605007',26,243,1132,'Основно училище \"Капитан Андреев\"'),('2605008',26,243,1131,'Средно общообразователно училище \"Д-р Петър Берон\"'),('2605010',26,243,1131,'ПОМОЩНО УЧИЛИЩЕ ИНТЕРНАТ \"СТЕФАН ВАСИЛЕВ\"'),('2605016',26,243,1131,'Професионална гимназия по селско стопанство и икономика \"Христо Ботев\"'),('2606001',26,240,1133,'Начално училище \"Захари Стоянов\"'),('2606002',26,240,1133,'Начално училище \"Христо Ботев\"'),('2606004',26,240,1134,'Основно училище \"Свети Свети Кирил и Методий\"'),('2606005',26,240,1133,'Средно общообразователно училище \"Желязко Терпешев\"'),('2607001',26,242,1135,'СРЕДНО ОБЩООБРАЗОВАТЕЛНО УЧИЛИЩЕ \"ПРОФ.Д-Р АСЕН ЗЛАТАРОВ\"'),('2607002',26,242,1136,'СРЕДНО ОБЩООБРАЗОВАТЕЛНО УЧИЛИЩЕ \"ХРИСТО БОТЕВ\"'),('2607006',26,242,1135,'Професионална гимназия'),('2608001',26,241,1138,'СРЕДНО ОБЩООБРАЗОВАТЕЛНО УЧИЛИЩЕ \"ДИМИТЪР МАДЖАРОВ\"'),('2609001',26,245,1139,'НАЧАЛНО УЧИЛИЩЕ \"СВЕТИ КЛИМЕНТ ОХРИДСКИ\"'),('2609002',26,245,1140,'ОСНОВНО УЧИЛИЩЕ \"СВ. СВ. КИРИЛ И МЕТОДИЙ\"'),('2609003',26,245,1141,'ОСНОВНО УЧИЛИЩЕ \" ХРИСТО БОТЕВ \"'),('2609005',26,245,1142,'ОСНОВНО УЧИЛИЩЕ \"ХРИСТО БОТЕВ\"'),('2609006',26,245,1143,'СРЕДНО ОБЩООБРАЗОВАТЕЛНО УЧИЛИЩЕ \" СВЕТИ КЛИМЕНТ ОХРИДСКИ \"'),('2610001',26,239,1144,'ОСНОВНО УЧИЛИЩЕ \"Св.св. Кирил и Методий\"'),('2610002',26,239,1145,'ОСНОВНО УЧИЛИЩЕ \" СВ. СВ. КИРИЛ И МЕТОДИЙ \"'),('2610004',26,239,1146,'Основно училище \"Свети свети Кирил и Методий\"'),('2610005',26,239,1147,'СРЕДНО ОБЩООБРАЗОВАТЕЛНО УЧИЛИЩЕ \"ХРИСТО БОТЕВ\"'),('2611001',26,246,1148,'НАЧАЛНО УЧИЛИЩЕ \"СВ. СВ. КИРИЛ И МЕТОДИЙ\"'),('2611004',26,246,1149,'ОСНОВНО УЧИЛИЩЕ \" Св. КИРИЛ И МЕТОДИЙ \"'),('2611005',26,246,1150,'ОСНОВНО УЧИЛИЩЕ \" ХРИСТО БОТЕВ \"'),('2611006',26,246,1151,'ОСНОВНО УЧИЛИЩЕ \" ХРИСТО БОТЕВ \"'),('2611007',26,246,1152,'ОСНОВНО УЧИЛИЩЕ \" ХРИСТО БОТЕВ \"'),('2611008',26,246,1153,'ОСНОВНО УЧИЛИЩЕ \"ИВАН ВАЗОВ\"'),('2611018',26,246,1148,'СРЕДНО ОБЩООБРАЗОВАТЕЛНО УЧИЛИЩЕ \"Д-Р ПЕТЪР БЕРОН\"'),('2700006',27,258,1165,'Професионална гимназия по строителство, архитектура и геодезия'),('2700010',27,258,1165,'Професионална гимназия по машиностроене'),('2700011',27,258,1165,'Професионална гимназия по икономика'),('2700014',27,257,1166,'Основно училище \"Панайот Волов\"'),('2700024',27,249,1167,'Професионална техническа гимназия \"Симеон Велики\"'),('2700031',27,258,1165,'Професионална гимназия по облекло, хранене и химични технологии \"Проф. д-р Асен Златаров\"'),('2700036',27,255,1168,'Основно училище \"Васил Левски\"'),('2700040',27,251,1169,'Основно училище \"Христо Ботев\"'),('2700041',27,250,1170,'Основно училище \"Петко Рачев Славейков\"'),('2700047',27,255,1171,'Средно общообразователно училище \"Васил Левски\"'),('2700048',27,255,1172,'Основно училище \"Св. Климент Охридски\"'),('2700060',27,255,1173,'Основно училище \"Христо Ботев\"'),('2700061',27,251,1174,'Основно училище \"Св. св. Кирил и Методий\"'),('2700062',27,251,1175,'Средно общообразователно училище \"Св. Паисий Хилендарски\"'),('2700064',27,258,1165,'Професионална гимназия по селско стопанство и хранителни технологии'),('2700067',27,253,1176,'Средно общообразователно училище \"Панайот Волов\"'),('2700068',27,253,1176,'Основно училище \"Христо Ботев\"'),('2700069',27,250,1177,'Средно общообразователно училище \"Никола Йонков Вапцаров\"'),('2700071',27,255,1171,'Средно общообразователно училище \"Хан Исперих\"'),('2700073',27,251,1178,'Основно училище \"Гео Милев\"'),('2700076',27,258,1165,'Средно общообразователно училище \" Панайот Волов\"'),('2700077',27,253,1179,'Начално училище \"Васил Левски\"'),('2700078',27,253,1180,'Основно училище \"Св. Паисий Хилендарски\"'),('2700080',27,254,1181,'Основно училище \"Св. Климент Охридски\"'),('2700082',27,258,1165,'Начално училище \"Илия Рашков Блъсков\"'),('2700083',27,258,1165,'Гимназия с преподаване на чужди езици \"Никола Йонков Вапцаров\"'),('2700085',27,251,1182,'Основно училище \"Христо Ботев\"'),('2700087',27,258,1183,'Основно училище \"Васил Левски\"'),('2700088',27,257,1184,'Средно общообразователно училище \"Д-р Петър Берон\"'),('2700103',27,249,1167,'Средно общообразователно училище \"Черноризец Храбър\"'),('2700104',27,258,1165,'Девето основно училище \"Панайот Волов\"'),('2700105',27,256,1185,'Основно училище \"Христо Ботев\"'),('2700114',27,258,1165,'Второ основно училище \"Д-р Петър Берон\"'),('2700131',27,257,1186,'Основно училище \"Тодор Влайков\"'),('2700133',27,258,1165,'Помощно училище \"Васил Друмев\"'),('2700140',27,258,1187,'Основно училище \"Никола Йонков Вапцаров\"'),('2700144',27,258,1188,'Основно училище \"Панайот Волов\"'),('2700146',27,258,1165,'Трето основно училище \"Димитър Благоев\"'),('2700147',27,258,1165,'Средно общообразователно училище \"Трайко Симеонов\"'),('2700153',27,258,1165,'Начално училище \"Княз Борис І\"'),('2700155',27,256,1189,'Основно училище \"Васил Априлов\"'),('2700160',27,258,1190,'Основно училище \"Христо Ботев\"'),('2700180',27,249,1167,'Основно училище \"Св. св. Кирил и Методий\"'),('2700182',27,258,1165,'Средно общообразователно училище \"Йоан Екзарх Български\"'),('2700189',27,258,1191,'Основно училище \"Св. св. Кирил и Методий\"'),('2700191',27,256,1192,'Средно общообразователно училище \"Св. св. Кирил и Методий\"'),('2700192',27,254,1193,'Средно общообразователно училище \"Цанко Бакалов Церковски\"'),('2700194',27,255,1171,'Основно училище \"Никола Йонков Вапцаров\"'),('2700196',27,249,1194,'Основно училище \"Христо Ботев\"'),('2700197',27,258,1165,'Средно общообразователно училище \"Сава Доброплодни\"'),('2700212',27,252,1195,'Основно училище \"Христо Смирненски\"'),('2700216',27,252,1196,'Средно общообразователно училище \"Георги Стойков Раковски\"'),('2700220',27,255,1171,'Професионална гимназия по селско стопанство'),('2700221',27,258,1165,'Природоматематическа гимназия \"Нанчо Попович\"'),('2700224',27,255,1171,'Професионална гимназия по химични технологии и дизайн \" Проф. д-р Асен Златаров\"'),('2700231',27,258,1165,'Средно общообразователно училище \"Васил Левски\"'),('2700237',27,252,1197,'Основно училище \"Георги Стойков Раковски\"'),('2700238',27,252,1198,'Основно училище \"Йордан Йовков\"'),('2700239',27,252,1199,'Основно училище \"Панайот Волов\"'),('2700251',27,254,1200,'Основно училище \"Христо Ботев\"'),('2700253',27,251,1201,'Основно училище \"Васил Левски\"'),('2700255',27,249,1202,'Основно училище \"Св. св. Кирил и Методий\"'),('2700260',27,252,1203,'Основно училище \"Никола Йонков Вапцаров\"'),('2700262',27,253,1204,'Начално училище \"Св. Климент Охридски\"'),('2700263',27,253,1205,'Основно училище \"Пенчо Славейков\"'),('2700265',27,254,1206,'Начално училище \"Борис Първи\"'),('2700266',27,254,1207,'Основно училище \"Христо Ботев\"'),('2700267',27,255,1171,'Помощно училище \"Станата\"'),('2700269',27,258,1165,'Шесто основно училище \"Еньо Марковски\"'),('2700273',27,258,1208,'Основно училище \"Христо Ботев\"'),('2700282',27,249,1167,'Професионална гимназия по селско стопанство'),('2700283',27,250,1209,'Основно училище \"Христо Смирненски\"'),('2707033',27,258,1165,'Професионална гимназия по механотехника, електроника, телекомуникации и транспорт \"Христо Ботев\"'),('2811501',28,263,1210,'Начално училище \"Професор Петър Нойков\"'),('2811504',28,263,1210,'НАЧАЛНО УЧИЛИЩЕ \"СВЕТИ СВЕТИ КИРИЛ И МЕТОДИЙ\"'),('2811506',28,263,1210,'ОСНОВНО УЧИЛИЩЕ \"ЙОРДАН ЙОВКОВ\"'),('2811507',28,263,1210,'Основно училище\"Николай Петрини\"'),('2811508',28,263,1210,'Основно училище \"Христо Смирненски\"'),('2811509',28,263,1210,'ОСНОВНО УЧИЛИЩЕ \"ЛЮБЕН КАРАВЕЛОВ\"'),('2811510',28,263,1210,'СРЕДНО ОБЩООБРАЗОВАТЕЛНО УЧИЛИЩЕ \"СВЕТИ КЛИМЕНТ ОХРИДСКИ\"'),('2811511',28,263,1210,'ОСНОВНО УЧИЛИЩЕ \"ДИМЧО ДЕБЕЛЯНОВ\" ЯМБОЛ'),('2811512',28,263,1210,'ОСНОВНО УЧИЛИЩЕ \"ПЕТКО РАЧОВ СЛАВЕЙКОВ\"'),('2811514',28,263,1210,'Основно училище \"Доктор Петър Берон\"'),('2811515',28,263,1210,'Гимназия \"Васил Левски\"'),('2811516',28,263,1210,'МАТЕМАТИЧЕСКА ГИМНАЗИЯ \"АТАНАС РАДЕВ\"'),('2811517',28,263,1210,'Гимназия с преподаване на чужди езици “Васил Карагьозов”'),('2811518',28,263,1210,'Спортно училище \"Пиер дьо Кубертен\"'),('2811601',28,263,1210,'ПРОФЕСИОНАЛНА ТЕХНИЧЕСКА ГИМНАЗИЯ \"ИВАН РАЙНОВ\"'),('2811602',28,263,1210,'Професионална гимназия по икономика \"Георги Стойков Раковски\"'),('2811603',28,263,1210,'ПРОФЕСИОНАЛНА ГИМНАЗИЯ ПО ХРАНИТЕЛНИ ТЕХНОЛОГИИ И ТУРИЗЪМ'),('2811604',28,263,1210,'ПРОФЕСИОНАЛНА ГИМНАЗИЯ ПО ЗЕМЕДЕЛИЕ \"ХРИСТО БОТЕВ\"'),('2811607',28,263,1210,'ПРОФЕСИОНАЛНА ГИМНАЗИЯ ПО СТРОИТЕЛСТВО И ГЕОДЕЗИЯ \"КОЛЬО ФИЧЕТО\"'),('2811608',28,263,1210,'Професионална гимназия по подемна, строителна и транспортна техника \"Н. Й. Вапцаров\"'),('2811613',28,263,1210,'Професионална гимназия по лека промишленост, екология и химични технологии'),('2821519',28,259,1211,'СРЕДНО ОБЩООБРАЗОВАТЕЛНО УЧИЛИЩЕ \"Д-р ПЕТЪР БЕРОН\"'),('2821520',28,259,1212,'ОСНОВНО УЧИЛИЩЕ \"СТЕФАН КАРАДЖА\"'),('2831522',28,260,1213,'ГИМНАЗИЯ \"СВЕТИ КЛИМЕНТ ОХРИДСКИ\"'),('2831523',28,260,1213,'ОСНОВНО УЧИЛИЩЕ \"СВ.СВ. КИРИЛ И МЕТОДИЙ\"'),('2831524',28,260,1213,'ОУ \"Свети Паисий Хилендарски \"'),('2831527',28,260,1214,'ОСНОВНО УЧИЛИЩЕ \"ХАДЖИ ДИМИТЪР\"'),('2831531',28,260,1215,'ОУ \"Св.Паисий Хилендарски\"'),('2831609',28,260,1213,'Професионална гимназия \"Стефан Караджа\"'),('2831610',28,260,1215,'Професионална Гимназия по Механизация на селското стопанство\"Ернесто Че Гевара\"'),('2831702',28,260,1213,'Помощно училище-интернат \"Никола Йонков Вапцаров\"'),('2841532',28,261,1216,'Средно общообразователно училище \"Пейо Крачолов Яворов\"'),('2841534',28,261,1216,'Основно училище \"Св.Св.Кирил и Методий\"'),('2841535',28,261,1217,'Основно училище \"Св.Св.Кирил и Методий\"'),('2841536',28,261,1218,'Основно училище\"Христо Ботев\"'),('2841703',28,261,1216,'СОЦИАЛНО-ПЕДАГОГИЧЕСКИ ИНТЕРНАТ'),('2851541',28,262,1219,'НАЧАЛНО УЧИЛИЩЕ \"ВАСИЛ ЛЕВСКИ\"'),('2851542',28,262,1220,'НАЧАЛНО УЧИЛИЩЕ \"СВ.КЛИМЕНТ ОХРИДСКИ\"'),('2851546',28,262,1221,'ОСНОВНО УЧИЛИЩЕ \"СВЕТИ ПАИСИЙ ХИЛЕНДАРСКИ\"'),('2851547',28,262,1222,'Основно училище\"Христо Ботев\"'),('2851548',28,262,1223,'Oсновно училище \"Свети свети Кирил и Методий\"'),('2851549',28,262,1224,'OСНОВНО УЧИЛИЩЕ \"ХРИСТО БОТЕВ\"'),('2851556',28,262,1225,'OСНОВНО УЧИЛИЩЕ \"СВЕТИ СВЕТИ КИРИЛ И МЕТОДИЙ\"'),('2851558',28,262,1226,'OСНОВНО УЧИЛИЩЕ \"СВЕТИ СВЕТИ КИРИЛ И МЕТОДИЙ\"'),('2851559',28,262,1227,'ОСНОВНО УЧИЛИЩЕ \"СВЕТИ ПАИСИЙ ХИЛЕНДАРСКИ\"'),('2851560',28,262,1228,'ОСНОВНО УЧИЛИЩЕ \"ВАСИЛ ЛЕВСКИ\"'),('2902101',22,199,949,'НАЦИОНАЛНО МУЗИКАЛНО УЧИЛИЩЕ \"Любомир Пипков\"'),('2902102',16,155,709,'Национално училище за музикално и танцово изкуство \"Добрин Петков\"'),('2902103',2,16,82,'Национално училище за музикално и сценично изкуство \" Проф. Панчо Владигеров \"'),('2902104',24,231,1033,'Национално училище за музикални и сценични изкуства \"Христина Морфова\"'),('2902105',18,175,802,'НАЦИОНАЛНО УЧИЛИЩЕ ПО ИЗКУСТВАТА \"ПРОФ.ВЕСЕЛИН СТОЯНОВ\" ГР.РУСЕ'),('2902106',3,32,164,'НАЦИОНАЛНО УЧИЛИЩЕ ПО ИЗКУСТВАТА \"ДОБРИ ХРИСТОВ\"'),('2902107',15,143,617,'НАЦИОНАЛНО УЧИЛИЩЕ ПО ИЗКУСТВАТА \"ПАНАЙОТ ПИПКОВ\" гр. ПЛЕВЕН'),('2902201',20,185,863,'Национално училище за фолклорни изкуства \"Филип Кутев\"'),('2902202',21,197,905,'Национално училище за фолклорни изкуства \"Широка лъка\"'),('2902301',22,199,949,'Национално училище за танцово изкуство'),('2902302',16,155,709,'НАЦИОНАЛНА ГИМНАЗИЯ ЗА СЦЕНИЧНИ И ЕКРАННИ ИЗКУСТВА'),('2902401',22,199,949,'Национално училище за изящни изкуства \"Илия Петров\"'),('2902402',16,155,709,'Национална художествена гимназия \"Цанко Лавренов\"'),('2902501',22,199,949,'НАЦИОНАЛНА ГИМНАЗИЯ ЗА ПРИЛОЖНИ ИЗКУСТВА \"СВЕТИ ЛУКА\"'),('2902502',11,104,469,'Национална гимназия за приложни изкуства \"Проф. Венко Колев \"'),('2902503',7,74,331,'НАЦИОНАЛНА ГИМНАЗИЯ ЗА ПРИЛОЖНИ ИЗКУСТВА \"ТРЕВНЕНСКА ШКОЛА\"'),('2902504',20,187,864,'Национална художествена гимназия \"Димитър Добрович\"'),('2902505',24,225,1031,'Национална гимназия по пластични изкуства и дизайн \"Академик Дечко Узунов\"'),('2902506',21,197,906,'Професионална гимназия за приложни изкуства'),('2902507',6,69,295,'Професионална гимназия по каменообработване'),('2902601',22,199,949,'Национална професионална гимназия по полиграфия и фотография'),('2902701',22,199,949,'Национален учебен комплекс по култура с лицей за изучаване на италиански език и култура с участието на Република Италия'),('2902702',22,199,949,'НАЦИОНАЛНА ГИМНАЗИЯ ЗА ДРЕВНИ ЕЗИЦИ И КУЛТУРИ \"КОНСТАНТИН КИРИЛ ФИЛОСОФ\"'),('300101',4,40,214,'Основно училище \"Христо Ботев\"'),('300102',4,40,214,'Основно училище \"Бачо Киро\"'),('300103',4,40,214,'Основно училище \"Св. Патриарх Евтимий\"'),('300104',4,40,214,'Основно училище \"Димитър Благоев\"'),('300105',4,40,214,'Основно училище \"Петко Рачев Славейков\"'),('300106',4,40,215,'Основно училище \"Васил Левски\"'),('300109',4,40,216,'Основно училище \"Д-р Петър Берон\"'),('300110',4,40,217,'Основно училище \"Св. Иван Рилски\"'),('300111',4,40,218,'Основно училище \"Христо Ботев\"'),('300112',4,40,219,'Основно училище \"Христо Смирненски\"'),('300113',4,40,220,'Основно училище \"Христо Смирненски\"'),('300114',4,40,221,'Основно училище \"Петко Рачев Славейков\"'),('300116',4,40,222,'Основно училище \"Неофит Рилски\"'),('300117',4,40,214,'Помощно училище \"Свети Теодосий Търновски\"'),('300119',4,40,223,'Помощно училище \"Иван Вазов\"'),('300121',4,40,214,'Хуманитарна гимназия \"Св.св. Кирил и Методий\"'),('300122',4,40,214,'Природо-математическа гимназия \"Васил Друмев\"'),('300123',4,40,214,'Езикова гимназия \"Проф. д-р Асен Златаров\"'),('300124',4,40,214,'Средно общообразователно училище \"Емилиян Станев\"'),('300125',4,40,214,'Средно общообразователно училище \"Вела Благоева\"'),('300126',4,40,214,'Средно общообразователно училище \"Владимир Комаров\"'),('300127',4,40,214,'Средно общообразователно училище \"Георги Стойков Раковски\"'),('300128',4,40,214,'Професионална гимназия по строителство, архитектура и геодезия \"Ангел Попов\"'),('300129',4,40,214,'Старопрестолна гимназия по икономика'),('300130',4,40,214,'Професионална гимназия по електроника \"Александър Степанович Попов\"'),('300131',4,40,214,'Професионална гимназия по моден дизайн'),('300132',4,40,214,'Професионална гимназия по туризъм \"Д-р Васил Берон\"'),('300133',4,40,216,'Професионална гимназия по машиностроене \"Никола Йонков Вапцаров\"'),('300134',4,40,214,'Професионална гимназия по сградостроителство \"Кольо Фичето\"'),('300201',4,41,224,'Основно училище \"Иван Вазов\"'),('300202',4,41,224,'Основно училище \"Св.св .Кирил и Методий\"'),('300205',4,41,224,'Основно училище \"Св. Паисий Хилендарски\"'),('300206',4,41,225,'Основно училище \"Елин Пелин\" с помощни паралелки'),('300208',4,41,226,'Основно училище \"Св. св. Кирил и Методий\"'),('300209',4,41,227,'Основно училище \"Отец Паисий\"'),('300210',4,41,228,'Основно училище \"Васил Левски\"'),('300211',4,41,229,'Основно училище \"Св. Климент Охридски\"'),('300212',4,41,230,'Основно училище \"Св.Св.Кирил и Методий\"'),('300213',4,41,231,'Основно училище \"Св. Св. Кирил и Методий\"'),('300216',4,41,224,'Средно общообразователно училище \"Георги Измирлиев\"'),('300217',4,41,224,'Средно общообразователно училище \"Вичо Грънчаров\"'),('300218',4,41,224,'Професионална техническа гимназия \"Васил Левски\"'),('300219',4,41,224,'Професионална гимназия по електротехника и електроника \"Михайло Василиевич Ломоносов\"'),('300220',4,41,224,'Професионална гимназия по хранителни технологии \"Проф.д-р Асен Златаров\"'),('300221',4,41,224,'Професионална гимназия по лека промишленост и икономика \"Атанас Буров\"'),('300222',4,41,224,'Професионална гимназия по железопътен транспорт \"Никола Йонков Вапцаров\"'),('300223',4,41,231,'Професионална гимназия по селско стопанство \"Боруш\"'),('300301',4,42,232,'Начално училище \"Иларион Макариополски\"'),('300302',4,42,233,'Основно училище \"Христо Ботев\"'),('300303',4,42,234,'Основно училище \"Отец Паисий\"'),('300304',4,42,235,'Основно училище \"Отец Паисий\"'),('300305',4,42,232,'Средно общообразователно училище \"Иван Н.Момчилов\"'),('300402',4,43,236,'Основно училище \"Христо Ботев\"'),('300403',4,43,237,'Основно училище \"Васил Левски\"'),('300404',4,43,239,'Средно общообразователно училище \"Св.св. Кирил и Методий\"'),('300405',4,43,239,'Професионална гимназия по механизация на селското стопанство \"Никола Златарски\"'),('300501',4,44,240,'Начално училище \"Цани Гинчев\"'),('300502',4,44,240,'Начално училище \"Никола Козлев\"'),('300506',4,44,241,'Основно училище \"Петко Рачев Славейков\"'),('300507',4,44,240,'Средно общообразователно училище \"Максим Райкович\"'),('300602',4,45,242,'Основно училище \"Св. Климент Охридски\"'),('300604',4,45,243,'Основно училище \"Бачо Киро\"'),('300607',4,45,244,'Основно училище \"Филип Тотю\"'),('300611',4,45,245,'Основно училище \"Хаджи Димитър и Стефан Караджа\"'),('300612',4,45,246,'Основно училище \"Св.Св.Кирил и Методий\"'),('300614',4,45,247,'Начално училище \"Тодор Лука Лефтеров\"'),('300615',4,45,248,'Начално училище \"Петко Рачев Славейков\"'),('300617',4,45,249,'Основно училище \"Христо Ботев\"'),('300618',4,45,242,'Средно общообразователно училище \"Бачо Киро\"'),('300619',4,45,242,'Професионална гимназия по аграрни технологии \"Цанко Церковски\"'),('300703',4,46,250,'Начално училище \"Христо Ботев\"'),('300704',4,46,251,'Основно училище \"Св.Св.Кирил и Методий\"'),('300708',4,46,252,'Основно училище \"Васил Левски\"'),('300709',4,46,253,'Начално Училище \"Христо Ботев\"'),('300710',4,46,254,'Основно училище \"Св.Св.Кирил и Методий\"'),('300711',4,46,255,'Средно общообразователно училище \"Цанко Церковски\"'),('300801',4,47,256,'Основно училище \"Филип Сакелариевич\"'),('300803',4,47,257,'Основно училище \"Христо Ботев\"'),('300804',4,47,238,'Основно училище \"Св.св.Кирил и Методий\"'),('300805',4,47,258,'Основно училище \"Стефан Караджа\"'),('300807',4,47,259,'Основно училище \"Петко Рачев Славейков\"'),('300808',4,47,260,'Основно училище \"Св.св. Кирил и Методий\"'),('300809',4,47,261,'Основно училище \"Св. св. Кирил и Методий\"'),('300810',4,47,262,'Основно училище \"Христо Ботев\"'),('300814',4,47,256,'Средно общообразователно училище \"Цветан Радославов\"'),('300815',4,47,256,'Средно общообразователно училище \"Николай Катранов\"'),('300816',4,47,256,'Средно общообразователно училище \"Димитър Благоев\"'),('300817',4,47,256,'Държавна търговска гимназия \"Димитър Хадживасилев\"'),('300818',4,47,256,'Професионална гимназия \"Проф.д-р Асен Златаров\"'),('300819',4,47,256,'Професионална гимназия по лека промишленост и строителство'),('300901',4,48,263,'Начално училище \"Иван Вазов\"'),('300904',4,48,264,'Основно училище \"Св.Св.Кирил и Методий\"'),('300905',4,48,265,'Основно училище \"Св. Климент Охридски\"'),('300907',4,48,266,'Основно училище \"Св. Климент Охридски\"'),('300908',4,48,267,'Основно училище \"Отец Паисий\"'),('300909',4,48,268,'Основно училище \"Николай Райнов\"'),('300911',4,48,269,'Средно общообразователно училище \"Ангел Каралийчев\"'),('300912',4,48,269,'Професионална гимназия по транспорт \"Васил Друмев\"'),('300913',4,48,266,'Професионална гимназия по селско стопанство \"Марко Ангелов\"'),('300991',4,49,270,'Средно общообразователно училище \"Св. Климент Охридски\"'),('400001',3,32,164,'Начално училище \"Васил Левски\"'),('400003',3,32,164,'Основно училище \"Антон Страшимиров\"'),('400005',3,32,164,'ОСНОВНО УЧИЛИЩЕ \"ВАСИЛ АПРИЛОВ\"'),('400006',3,32,164,'Основно училище \"Георги Сава Раковски\"'),('400007',3,32,164,'Основно училище \"Добри Чинтулов\"'),('400008',3,32,164,'Основно училище \"Захари Стоянов\"'),('400009',3,32,164,'Основно училище \"Иван Вазов\"'),('400010',3,32,164,'Основно училище \"Свети Иван Рилски\"'),('400011',3,32,164,'Основно училище \"Йордан Йовков\"'),('400012',3,32,164,'Основно училище \"Константин Арабаджиев\"'),('400014',3,32,165,'Основно училище \"Добри Войников\"'),('400015',3,32,164,'Основно училище \"Капитан Петко войвода\"'),('400017',3,32,164,'Основно училище \"Отец Паисий\"'),('400018',3,32,164,'Основно училище \"Панайот Волов\"'),('400019',3,32,164,'Основно училище Свети Патриарх Евтимий'),('400020',3,32,164,'Основно училище \"Петко Рачев Славейков\"'),('400022',3,32,164,'Основно училище \"Свети свети Кирил и Методий\"'),('400023',3,32,164,'Основно училище \" Стефан Караджа \"'),('400024',3,32,164,'Основно училище \"Стоян Михайловски\"'),('400026',3,32,164,'Основно училище \"Христо Ботев\"'),('400027',3,32,166,'Основно училище \"Христо Смирненски\"'),('400028',3,32,164,'Основно училище \"Цар Симеон І\"'),('400029',3,32,164,'Основно училище \"Черноризец Храбър\"'),('400030',3,32,164,'Седмо средно общообразователно училище \"Найден Геров\"'),('400031',3,32,164,'VIII средно общообразователно училище с преподаване на чужди езици \"Ал. С. Пушкин\"'),('400032',3,32,164,'Средно общообразователно училище \"ВАСИЛ ДРУМЕВ\"'),('400033',3,32,164,'Cпортно училище \"Георги Бенковски\"'),('400034',3,32,164,'Средно общообразователно училище \"Гео Милев\"'),('400036',3,32,164,'Средно общообразователно училище \"Елин Пелин\"'),('400037',3,32,164,'Средно общообразователно училище \"Любен Каравелов\"'),('400039',3,32,164,'Средно общообразователно училище \"Пейо Крачолов Яворов\"'),('400040',3,32,164,'Средно общообразователно училище \"Свети Климент Охридски\"'),('400041',3,32,164,'Трета Природоматематическа гимназия \"Академик Методий Попов\"'),('400042',3,32,164,'ІV Езикова гимназия \"Фредерик Жолио - Кюри\"'),('400043',3,32,164,'Гимназия с преподаване на чужди езици \"Йоан Екзарх\"'),('400044',3,32,164,'Професионална гимназия по икономика \"Д-р Иван Богоров\"'),('400045',3,32,164,'Първа езикова гимназия'),('400046',3,32,164,'Математическа гимназия \"Д-р Петър Берон\"'),('400047',3,32,164,'Национална гимназия за хуманитарни науки и изкуства \"Константин Преславски\"'),('400051',3,32,164,'Оздравително училище \"Д-р Никола Димитров\"'),('400052',3,32,164,'Помощно училище \"Братя Миладинови\"'),('400054',3,32,164,'Средно общообразователно училище за деца с нарушено зрение \"Д-р Иван Шишманов\"'),('400055',3,32,164,'Професионална техническа гимназия'),('400058',3,32,164,'Професионална гимназия по химични и хранително-вкусови технологии \"Дм.Ив.Менделеев\"'),('400063',3,32,164,'Професионална гимназия по строителство, архитектура и геодезия \"Васил Левски\"'),('400066',3,32,164,'Професионална гимназия по машиностроене и транспорт'),('400067',3,32,164,'Професионална гимназия по сградостроителство \"Кольо Фичето\"'),('400079',3,28,193,'Основно училище ,,Христо Ботев\"'),('400081',3,28,194,'Основно училище \"Свети Климент Охридски\"'),('400083',3,28,195,'Основно училище \"Д-р Петър Берон\"'),('400084',3,28,196,'Средно общообразователно училище \"Св. Св. Кирил и Методий\"'),('400085',3,28,197,'Основно училище \"Свети Свети Кирил и Методий\"'),('400086',3,28,198,'Основно училище \"Д-р Петър Берон\"'),('400087',3,29,199,'Средно общообразователно училище \"Свети Климент Охридски\"'),('400089',3,29,200,'Основно училище \"Христо Смирненски\"'),('400090',3,29,201,'Средно общообразователно училище \"Свети Свети Кирил и Методий\"'),('400091',3,29,202,'Основно училище \"Свети Климент Охридски\"'),('400092',3,29,203,'Основно училище \"Свети Климент Охридски\"'),('400093',3,29,204,'Основно училище \"Иван Вазов\"'),('400095',3,30,205,'Начално училище \"Отец Паисий\"'),('400096',3,30,205,'Средно общообразователно училище \"Св. св. Кирил и Методий\"'),('400097',3,30,205,'Основно училище \"Свети Патриарх Евтимий\"'),('400098',3,30,205,'Професионална гимназия \"Свети Димитър Солунски\"'),('400099',3,30,206,'Основно училище \"Св. Св. Кирил и Методий\"'),('400100',3,32,207,'Основно училище\"Свети Климент Охридски \"'),('400103',3,31,208,'Основно училище \"Отец Паисий\"'),('400106',3,31,208,'Професионална гимназия по селско стопанство и туризъм'),('400108',3,33,209,'Средно общообразователно училище \"Христо Ботев\"'),('400112',3,34,210,'Средно общообразователно училище \"Васил Левски\"'),('400113',3,34,211,'Професионална гимназия по земеделие и горско стопанство'),('400117',3,34,212,'Основно училище \"Васил Левски\"'),('400118',3,34,211,'Основно училище\"Климент Охридски\"'),('400119',3,34,213,'Основно училище \"Свети Иван Рилски\"'),('400123',3,35,167,'Средно общообразователно училище \"Васил Левски\"'),('400124',3,35,167,'Основно училище \"Свети, Свети Кирил и Методий\"'),('400125',3,35,167,'ПРОФЕСИОНАЛНА ГИМНАЗИЯ'),('400126',3,36,168,'Средно общообразователно училище \"Васил Левски\"'),('400127',3,36,168,'Професионална гимназия по селско стопанство \"Иван Владимирович Мичурин\"'),('400128',3,36,169,'Основно училище \"Свети, свети Кирил и Методий\"'),('400129',3,36,170,'Основно училище \"Св. св. Кирил и Методий\"'),('400130',3,36,171,'Основно училище \"Паисий Хилендарски\"'),('400131',3,36,172,'Основно училище \"Христо Смирненски\"'),('400133',3,36,173,'Основно училище \"Христо Ботев\"'),('400134',3,36,174,'Основно училище \"Св. св. Кирил и Методий\"'),('400135',3,36,175,'Начално училище \"Св.Св.Кирил и Методий\"'),('400136',3,37,176,'Средно общообразователно училище \"Свети Климент Охридски\"'),('400137',3,37,176,'Начално училище \"Иван Вазов\"'),('400141',3,37,177,'Основно училище \"Митко Палаузов\"'),('400142',3,37,178,'Средно общообразователно училище\"Назъм Хикмет\"'),('400143',3,37,179,'Основно училище \"Христо Ботев\"'),('400144',3,37,180,'основно училище \" Васил Левски \"'),('400145',3,37,181,'Основно училище \"Христо Ботев\"'),('400146',3,38,182,'Първо основно училище \"Христо Смирненски\"'),('400147',3,38,182,'Второ основно училище \"Иван Вазов\"'),('400148',3,38,182,'Средно общообразователно училище \"Димитър Благоев\"'),('400149',3,38,182,'Професионална гимназия по хотелиерство, ресторантьорство и туризъм \"Цар Симеон Велики\"'),('400150',3,38,182,'Професионална гимназия по селско стопанство \"Земя\"'),('400152',3,38,183,'Основно училище \"Св.Св.Кирил и Методий\"'),('400153',3,38,184,'Основно училище \"Васил Левски\"'),('400155',3,38,185,'Основно Училище \"Св. Св. Кирил и Методий\"'),('400156',3,38,186,'Основно училище \"Христо Ботев\"'),('400159',3,38,187,'Основно училище \"Асен Златаров\"'),('400160',3,38,188,'Начално училище \"Христо Ботев\"'),('400162',3,38,189,'Помощно училище \"Св. Св. Кирил и Методий\"'),('400163',3,39,190,'Средно общообразователно училище \"Никола Йонков Вапцаров\"'),('400164',3,39,191,'Основно училище \"Христо Ботев\"'),('400165',3,39,192,'Основно училище \"Христо Ботев\"'),('400166',3,39,190,'Професионална гимназия по селско стопанство \"Свети Георги Победоносец\"'),('402030',3,32,164,'Варненска търговска гимназия \" Георги Стойков Раковски\"'),('402161',3,32,164,'Професионална гимназия по текстил и моден дизайн'),('402172',3,32,164,'Професионална гимназия по горско стопанство и дървообработване \"Николай Хайтов\"'),('402183',3,32,164,'Варненска морска гимназия \"Свети Николай Чудотворец\"'),('403531',3,32,164,'Професионална гимназия по електротехника'),('403534',3,32,164,'Професионална гимназия по туризъм \"Проф.д-р Асен Златаров\"'),('403535',3,32,164,'І Основно училище'),('403536',3,32,164,'Трето основно училище\"Ангел Кънчев\"'),('403537',3,32,164,'Средно общообразователно училище \"Димчо Дебелянов\"'),('403538',3,32,164,'Второ средно общообразователно училище \"Неофит Бозвели\"'),('403543',3,32,164,'Второ основно училище'),('500102',5,53,286,'Природоматематическа гимназия \"Екзарх Антим I\"'),('500104',5,53,286,'СРЕДНО ОБЩООБРАЗОВАТЕЛНО УЧИЛИЩЕ \"ЛЮБЕН КАРАВЕЛОВ\"'),('500108',5,53,286,'Професионална техническа гимназия \"Васил Левски\"'),('500110',5,53,286,'Професионална гимназия по облекло и хранене \"Михалаки Георгиев\"'),('500111',5,53,286,'Основно училище \"Епископ Софроний Врачански\"'),('500112',5,53,286,'Основно училище \"Отец Паисий\"'),('500113',5,53,286,'Основно училище \"Свети Климент Охридски\"'),('500117',5,53,287,'ПРОФЕСИОНАЛНА ГИМНАЗИЯ ПО СЕЛСКО СТОПАНСТВО \"Г.М.ДИМИТРОВ\"'),('500201',5,50,288,'Средно общообразователно училище \"Христо Ботев\"'),('500203',5,50,288,'Начално училище \"Васил Левски\"'),('500204',5,50,289,'Основно училище \"Васил Евстатиев Априлов\"'),('500301',5,51,271,'Основно училище \"Васил Левски\"'),('500302',5,51,272,'Основно училище \"Христо Ботев\"'),('500401',5,52,273,'Средно общообразователно училище \"Св. Св. Кирил и Методий\"'),('500501',5,54,274,'Средно общообразователно училище \"Христо Ботев\"'),('500601',5,55,275,'Професионална гимназия по икономика'),('500602',5,55,275,'Основно училище \"Свети Свети Кирил и Методий\"'),('500603',5,55,276,'Средно общообразователно училище \"Христо Ботев\"'),('500604',5,55,277,'Основно училище \"Димитър Благоев\"'),('500701',5,56,278,'Средно общообразователно училище \"Васил Левски\"'),('500802',5,57,279,'Основно училище \"Христо Ботев\"'),('500901',5,58,280,'Средно общообразователно училище \"Св. Св. Кирил и Методий\"'),('501001',5,59,281,'Професионална гимназия по селско стопанство \"Никола Й. Вапцаров\"'),('501002',5,59,281,'Основно училище \"Никола Й. Вапцаров\"'),('501003',5,59,282,'Средно общообразователно училище \"Никола Йонков Вапцаров\"'),('501004',5,59,283,'Основно училище \"Свети свети Кирил и Методий\"'),('501101',5,60,284,'Основно училище \"Академик Михаил Димитров\"'),('501102',5,60,285,'Основно училище\"Христо Ботев\"'),('502035',5,53,286,'Професионална гимназия \"Проф. д-р Асен Златаров\"'),('502171',5,52,273,'Професионална гимназия по земеделие \"Васил Левски\"'),('503131',5,53,286,'Средно общообразователно училище \"Христо Ботев\"'),('503132',5,53,286,'Средно общообразователно училище \"Цар Симеон Велики\"'),('503241',5,53,286,'Средно общообразователно училище \"Свети Свети Кирил и Методий\"'),('503242',5,53,286,'Средно общообразователно училище „Петко Рачов Славейков“'),('503311',5,53,287,'Основно училище \"Христо Ботев \"'),('503312',5,53,286,'Основно училище \"Иван Вазов\"'),('503322',5,53,286,'Гимназия с преподаване на чужди езици \"Йордан Радичков\"'),('505015',5,53,286,'Помощно училище \"Д-р Петър Берон\"'),('600061',6,63,296,'Езикова гимназия \"Йоан Екзарх\"'),('600221',6,62,291,'Професионална гимназия по облекло \"Елисавета Багряна\"'),('600327',6,63,296,'Средно общообразователно училище \"Козма Тричков\"'),('601007',6,62,291,'Начално училище \"Христо Ботев\"'),('601008',6,62,291,'Начално училище \"Цани Гинчев\"'),('601009',6,62,291,'Начално училище \"Христо Смирненски\"'),('601013',6,62,298,'Основно училище \"Христо Ботев\"'),('601014',6,62,299,'Основно училище \"Георги Стойков Раковски\"'),('601015',6,62,291,'Основно училище \"Св.Климент Охридски\"'),('601031',6,63,296,'Начално училище\"Иванчо Младенов\"'),('601035',6,63,296,'Начално училище \"Иван Вазов\"'),('601037',6,63,296,'Начално училище\" Свети Софроний Врачански\"'),('601040',6,63,300,'Основно училище \"Св.Климент Охридски\"'),('601071',6,64,301,'Начално училище \"Васил Левски\"'),('601110',6,68,292,'Начално училище \"Св.Св.Кирил и Методий\"'),('601111',6,68,292,'Начално училище \"Д-р Петър Берон\"'),('601113',6,68,302,'Основно училище \"Христо Ботев\"'),('601119',6,69,297,'Начално училище \" Петко Рачов Славейков \"'),('602001',6,61,303,'Основно училище \" Св. Св Кирил и Методий\"'),('602002',6,61,304,'Основно училище \"Свети свети Кирил И Методий\"'),('602003',6,61,305,'Основно училище \"Отец Паисий\"'),('602018',6,62,306,'Основно училище \"Св.св.Кирил и Методий\"'),('602022',6,62,290,'Средно общообразователно училище \"Христо Ботев\"'),('602041',6,63,296,'ОСНОВНО УЧИЛИЩЕ \"ВАСИЛ ЛЕВСКИ\"'),('602042',6,63,296,'Основно училище \"Свeти Свети Кирил и Методий\"'),('602045',6,63,307,'Основно училище Свети свети Кирил и Методий\"'),('602048',6,63,308,'Основно училище \"Христо Ботев\"'),('602052',6,63,309,'Основно училище \"Христо Ботев\"'),('602062',6,63,296,'Природо математическа гимназия \"Академик Иван Ценов\"'),('602073',6,64,310,'Основно училище \"Свети свети Кирил и Методий\"'),('602074',6,64,311,'Основно училище \"Васил Евстатиев Априлов\"'),('602075',6,64,312,'Основно училище Христо Ботев'),('602083',6,65,313,'Прогимназия \"Св. св. Кирил и Методий\"'),('602084',6,65,314,'Основно училище \"Васил Левски\"'),('602085',6,65,315,'Начално училище \"Васил Левски\"'),('602086',6,65,316,'Основно училище \"Васил Левски\"'),('602092',6,66,317,'Основно училище \"Св.св.Кирил и Методий\"\"'),('602093',6,66,317,'Основно училище \"Христо Ботев\"'),('602094',6,66,294,'Основно училище \"Васил Кънчов\"'),('602096',6,66,318,'Основно училище \"Хаджи Димитър\"'),('602104',6,67,319,'Основно училище \"Христо Ботев\"'),('602106',6,67,320,'Основно училище \"Цанко Церкoвски\"'),('602107',6,67,321,'Основно училище \"Отец Паисий\"'),('602115',6,68,322,'Основно училище \"Никола Йонков Вапцаров\"'),('602121',6,69,323,'Основно училище \"Свети Свети Кирил и Методий\"'),('602127',6,70,324,'Основно училище \"Христо Ботев\"'),('602128',6,70,325,'Основно училище \"Горан Червеняшки\"'),('602129',6,70,326,'Основно училище \"Св. Св. Кирил и Методий\"'),('603004',6,61,305,'Професионална гимназия по транспорт \"Коста Петров\"'),('603024',6,62,291,'Средно общообразователно училище \"Васил Левски\"'),('603025',6,62,327,'Средно общообразователно училище \"Христо Ботев\"'),('603026',6,62,291,'Професионална агротехническа гимназия \"Никола Йонков Вапцаров\"'),('603057',6,63,296,'Средно общообразователно училище \"Отец Паисий\"'),('603058',6,63,296,'Средно общообразователно училище \"Христо Ботев\"'),('603059',6,63,296,'Средно общообразователно училище \"Васил Кънчов\"'),('603065',6,63,296,'Професионална техническа гимназия \"Никола Йонков Вапцаров\"'),('603067',6,63,296,'Професионална гимназия по търговия и ресторантьорство'),('603068',6,63,296,'Професионална гимназия по строителство и архитектура'),('603069',6,63,296,'Професионална гимназия по лека промишленост и услуги \" Мито Орозов \"'),('603070',6,63,296,'Средно общообразователно училище \"Никола Войводов\"'),('603076',6,64,301,'Средно общообразователно училище \"Христо Ботев\"'),('603077',6,64,301,'Средно общообразователно училище \"Св. св. Кирил и Методий\"'),('603078',6,64,301,'Професионална гимназия по ядрена енергетика \"Игор Курчатов\"'),('603079',6,64,310,'Професионална гимназия по селско стопанство \"Христо Ботев\"'),('603087',6,65,328,'Средно общообразователно училище \"Св. Св. Кирил и Методий\"'),('603098',6,66,317,'Средно общообразователно училище \"Иван Вазов\"'),('603099',6,66,329,'Средно общообразователно училище \"Свети Климент Охридски\"'),('603100',6,66,317,'Професионална гимназия \"Алеко Константинов\"'),('603101',6,66,317,'Професионална гимназия по механизация на селското стопанство'),('603108',6,67,320,'Професионална гимназия по химични технологии \"Васил Левски\"'),('603116',6,68,292,'Средно общообразователно училище \"Христо Ботев\"'),('603123',6,69,297,'Средно общообразователно училище \"Васил Левски\"'),('603130',6,70,330,'Средно общообразователно училище \"Васил Воденичарски\"'),('603140',6,63,296,'СОУ с паралелки за придобиване на професионална квалификация\"Мито Орозов\"'),('607055',6,63,296,'Помощно училище \" Д-р Петър Берон \"'),('607102',6,66,293,'Социално - педагогически интернат \"Свети Климент Охридски\"'),('607125',6,69,297,'Помощно училище \"Райна Княгиня\"'),('608060',6,63,296,'Спортно училище \"Свети Климент Охридски\"'),('700101',7,71,332,'Начално училище \"Васил Левски\"'),('700102',7,71,332,'Основно училище \"Ран Босилек\"'),('700103',7,71,332,'Основно училище \"Неофит Рилски\"'),('700104',7,71,332,'Основно училище \"Цанко Дюстабанов\"'),('700106',7,71,332,'VІ Основно училище \" Иван Вазов\"'),('700108',7,71,332,'Основно училище\"Свети Свети Кирил и Методий\"'),('700112',7,71,332,'Основно училище \"Христо Ботев\"'),('700113',7,71,332,'Средно общообразователно училище \"Отец Паисий\" - Габрово'),('700114',7,71,332,'Средно общообразователно училище \"Райчо Каролев\"'),('700115',7,71,332,'НАЦИОНАЛНА АПРИЛОВСКА ГИМНАЗИЯ'),('700116',7,71,332,'Природоматематическа гимназия \"Академик Иван Гюзелев\"'),('700117',7,71,332,'ПРОФЕСИОНАЛНА ГИМНАЗИЯ ПО СТРОИТЕЛСТВО'),('700118',7,71,332,'ПРОФЕСИОНАЛНА ТЕХНИЧЕСКА ГИМНАЗИЯ \"Д-р Никола Василиади\"'),('700120',7,71,332,'ПРОФЕСИОНАЛНА ГИМНАЗИЯ ПО ТУРИЗЪМ \"ПЕНЧО СЕМОВ\"'),('700121',7,71,332,'Помощно училище \" Николай Палаузов\"'),('700202',7,72,339,'Основно училище \"Васил Априлов\"'),('700204',7,72,340,'Средно общообразователно училище \"Максим Райкович\"'),('700205',7,72,340,'ПРОФЕСИОНАЛНА ГИМНАЗИЯ ПО ИКОНОМИКА \"РАЧО СТОЯНОВ\"'),('700206',7,72,340,'Професионална техническа гимназия \"Димитър Крусев\"'),('700207',7,72,341,'Възпитателно училище интернат \"Свети Свети Кирил и Методий\"'),('700301',7,73,342,'Начално училище \"Св. Св. Кирил и Методий\"'),('700307',7,73,342,'Първо основно училище \"Христо Ботев\"'),('700308',7,73,342,'Второ основно училище \"Стефан Пешев\"'),('700310',7,73,333,'Основно училище \"Христо Ботев\"'),('700311',7,73,334,'Основно училище \"Св. Св. Кирил и Методий\"'),('700312',7,73,335,'Основно училище \"Свети, свети Кирил и Методий\"'),('700314',7,73,336,'Основно училище\"Свети Солунски братя\"'),('700315',7,73,337,'ОСНОВНО УЧИЛИЩЕ \"СВ. СВ. КИРИЛ И МЕТОДИЙ\"'),('700316',7,73,338,'Основно училище\"Емилиян Станев\"'),('700317',7,73,343,'Основно училище\"Васил Левски\"'),('700318',7,73,342,'Средно общообразователно училище \"Васил Левски\"'),('700320',7,73,335,'ПРОФЕСИОНАЛНА ГИМНАЗИЯ ПО ТРАНСПОРТ И МАШИНОСТРОЕНЕ'),('700321',7,73,342,'Професионална гимназия по механизация на селското стопанство \"Марин Попов\"'),('700322',7,73,342,'Професионална гимназия по керамика и мебелно производство'),('700323',7,73,342,'Професионална гимназия по механоелектротехника \"Ген.Иван Бъчваров\"'),('700401',7,74,331,'Основно училище \"Професор Пенчо Николов Райков\"'),('700402',7,74,344,'Основно училище \" Васил Левски\"'),('700403',7,74,331,'Средно общообразователно училище \"Петко Рачев Славейков\"'),('700405',7,74,344,'Основно оздравително училище за сърдечносъдови и белодробни заболявания \"Ангел Кънчев\"'),('800001',8,77,345,'Помощно училище \"Д-р Петър Берон\"'),('800002',8,77,345,'Основно училище \"Бачо Киро\"'),('800003',8,77,345,'Основно училище \"Йордан Йовков\"'),('800004',8,77,345,'Основно училище \"Никола Йонков Вапцаров\"'),('800005',8,77,345,'Основно училище \"Отец Паисий\"'),('800007',8,77,345,'Основно училище \"Панайот Волов\"'),('800008',8,77,345,'Основно училище\"Стефан Караджа\"'),('800009',8,77,345,'Основно училище \"Хан Аспарух\"'),('800010',8,77,345,'Основно училище \"Христо Смирненски\"'),('800011',8,77,345,'Основно училище \"Христо Ботев\"'),('800012',8,77,345,'Спортно училище ,,Георги Стойков Раковски\"'),('800013',8,77,345,'Средно общообразователно училище \"Димитър Талев\"'),('800014',8,77,345,'Средно общообразователно училище \"Дора Габе\"'),('800015',8,77,345,'Средно общообразователно училище \"Свети Климент Охридски\"'),('800016',8,77,345,'Средно общообразователно училище \"Любен Каравелов\"'),('800017',8,77,345,'Средно общообразователно училище \"Петко Рачов Славейков\"'),('800018',8,77,345,'Хуманитарна гимназия \"Свети свети Кирил и Методий\"'),('800019',8,77,345,'Природоматематическа гимназия \"Иван Вазов\"'),('800020',8,77,345,'Езикова гимназия \"Гео Милев\"'),('800021',8,77,345,'Професионална гимназия по механотехника и електротехника \"Михаил Василиевич Ломоносов\"'),('800022',8,77,345,'Професионална гимназия по ветеринарна медицина \"Проф. д-р Георги Павлов\"'),('800023',8,77,345,'Финансово-стопанска гимназия \"Васил Левски\"'),('800025',8,77,345,'Професионална гимназия по строителство и архитектура \"Пеньо Пенев\"'),('800026',8,77,345,'Професионална гимназия по аграрно стопанство'),('800028',8,77,345,'Професионална гимназия по туризъм \"П. К. Яворов\"'),('800034',8,78,346,'Начално училище \"Отец Паисий\"'),('800035',8,78,347,'Начално училище \"Христо Ботев\"'),('800036',8,78,348,'Начално училище \"Христо Ботев\"'),('800037',8,78,349,'Основно училище \"Братя Миладинови\"'),('800038',8,78,350,'Основно училище\"Васил Левски\"'),('800039',8,78,351,'Основно училище \"Васил Левски\"'),('800040',8,78,352,'Основно училище \" Георги Сава Раковски \"'),('800041',8,78,353,'Основно училище \"Димитър Минчев\"'),('800042',8,78,354,'Основно училище \"Добри Войников\"'),('800043',8,78,355,'Основно училище \"Никола Йонков Вапцаров\"'),('800044',8,78,356,'Основно училище \" Неофит Рилски \"'),('800045',8,78,357,'Основно училище \"Отец Паисий\"'),('800046',8,78,358,'Основно училище \"Отец Паисий\"'),('800047',8,78,359,'Основно училище \"Пейо Крачолов Яворов\"'),('800048',8,78,360,'Основно училище\"Климент Охридски\"'),('800049',8,78,361,'Основно училище \"Св.св.Кирил и Методий\"'),('800050',8,78,362,'Основно училище \"Св. св. Кирил и Методий\"'),('800051',8,78,363,'Основно училище \"Св. Св. Кирил и Митодий\"'),('800052',8,78,364,'Основно училище \"Стефан Караджа\"'),('800053',8,78,365,'Основно училище \"Христо Ботев\"'),('800054',8,78,366,'Основно училище\"Христо Ботев\"'),('800056',8,75,367,'Основно училище \"Васил Левски\"'),('800057',8,75,368,'Основно училище \"Георги Стойков Раковски\"'),('800059',8,75,369,'Основно училище \"Свети Свети Кирил и Методий\"'),('800060',8,75,369,'Основно училище „Антим І”'),('800061',8,75,369,'Средно общообразователно училище \"Христо Ботев\"'),('800065',8,75,370,'Средно общообразователно училище \"Христо Смирненски\"'),('800066',8,75,369,'Професионална гимназия за кадри в обслужващата сфера \"Алеко Константинов\"'),('800068',8,76,371,'Основно училище \"Йордан Йовков\"'),('800069',8,76,372,'Основно училище \"Васил Левски\"'),('800071',8,76,373,'Основно училище \"Йордан Йовков\"'),('800072',8,76,374,'Основно училище \"Христо Ботев\"'),('800073',8,76,375,'Основно училище \"Христо Смирненски\"'),('800074',8,76,375,'Средно общообразователно училищe \"Никола Йонков Вапцаров\"'),('800076',8,76,375,'Професионална гимназия по земеделие \"Тодор Рачински\"'),('800079',8,79,376,'Начално училище\"Братя Миладинови\"'),('800080',8,79,376,'ОСНОВНО УЧИЛИЩЕ \"ЙОРДАН ЙОВКОВ\"'),('800081',8,79,376,'Помощно училище - интернат \"Любен Каравелов\"'),('800082',8,79,376,'Средно общообразователно училище \"Стефан Караджа\"'),('800083',8,79,377,'НАЧАЛНО УЧИЛИЩЕ \"ХРИСТО БОТЕВ\"'),('800084',8,79,378,'Основно училище \"Христо Смирненски\"'),('800085',8,79,379,'Основно училище \"Свети Свети Кирил и Методий\"'),('800086',8,79,376,'Професионална земеделска гимназия \"Климент Аркадиевич Тимирязев\"'),('800090',8,80,380,'Основно училище \"Васил Левски\"'),('800091',8,80,381,'Основно училище \"Васил Левски\"'),('800092',8,80,382,'Основно училище\"Отец Паисий\"'),('800093',8,80,383,'Средно общообразователно училище \"Христо Смирненски\"'),('800094',8,81,384,'Средно общообразователно училище \" Йордан Йовков \"'),('800096',8,81,385,'Начално училище \"Христо Ботев\"'),('800099',8,81,386,'Основно училище \"Д-р Петър Берон\"'),('800100',8,81,387,'Основно училище \"Отец Паисий\"'),('800101',8,81,388,'Основно училище \"Паисий Хилендарски\"'),('800103',8,81,389,'Основно училище \"Христо Ботев\"'),('800104',8,81,390,'Основно училище\"Васил Друмев\"'),('800105',8,81,384,'Професионална гимназия по техника и облекло \"Дочо Михайлов\"'),('800108',8,82,391,'Основно училище \"Свети Климент Охридски\"'),('800109',8,82,392,'Средно общообразователно училище \"Асен Златаров\"'),('800111',8,75,393,'Помощно училище интернат \"Академик Тодор Самодумов\"'),('800328',8,77,345,'Професионална гимназия по транспорт, обслужване и лека промишленост'),('909101',9,87,441,'Средно общообразователно училище \"Владимир Димитров - Майстора\"'),('909103',9,87,441,'Средно общообразователно училище \"Йордан Йовков\"'),('909104',9,87,441,'СОУ \"Свети Климент Охридски\" гр. Кърджали'),('909105',9,87,441,'Средно общообразователно училище с природоматематическа насоченост \"Отец Паисий\"'),('909106',9,87,441,'Средно общообразователно училище \"Петко Рачов Славейков\"'),('909107',9,87,441,'Гимназия с преподаване на чужди езици \"Христо Ботев\"'),('909108',9,87,441,'Професионална гимназия по икономика \"Алеко Константинов\"'),('909109',9,87,441,'Професионална гимназия по туризъм \"Проф. д-р Асен Златаров\"'),('909110',9,87,441,'Професионална гимназия \"Васил Левски\"'),('909111',9,87,441,'Професионална гимназия по облекло и дизай \"Евридика\"'),('909112',9,87,441,'Професионална гимназия по електротехника и електроника \"Капитан Петко войвода\"'),('909113',9,87,441,'Професионална гимназия по селско и горско стопанство'),('909114',9,87,441,'ПРОФЕСИОНАЛНА ГИМНАЗИЯ ПО СТРОИТЕЛСТВО \"ХРИСТО СМИРНЕНСКИ\"'),('909115',9,87,441,'Основно училище \"Васил Левски\"'),('909116',9,87,441,'Основно училище \"Св. Св. Кирил и Методий\"'),('909117',9,87,441,'Основно училище \"Пейо Крачолов Яворов\"'),('909119',9,87,442,'Основно училище \"Христо Ботев\"'),('909120',9,87,443,'Основно училище \"Св.св.Кирил и Методий\"'),('909121',9,87,444,'Основно училище \"Св.Св.Кирил и Методий\"'),('909124',9,87,441,'Помощно училище - интернат \"Д-р Петър Берон\"'),('909125',9,87,445,'Основно училище \"Иван Вазов\"'),('909126',9,87,446,'Основно Училище \"Гео Милев\"'),('909128',9,87,447,'Основно училище \"Христо Ботев\"'),('909129',9,87,448,'Основно училище \"Христо Смирненски\"'),('909131',9,87,449,'Основно училище \" Иван Вазов \"'),('909135',9,87,450,'Основно училище \"Паисий Хилендарски\"'),('909136',9,87,403,'Основно училище \"Никола Йонков Вапцаров\"'),('909138',9,87,404,'Основно училище \"Свети, свети Кирил и Методий\"'),('909139',9,87,405,'Основно училище \"Максим Горки\"'),('909140',9,87,406,'Основно Училище \"Иван Вазов\"'),('909201',9,83,407,'Средно общообразователно училище \"Васил Левски\"'),('909202',9,83,408,'Средно общообразователно училище \"Христо Смирненски\"'),('909203',9,83,407,'Професионална гимназия \"Христо Смирненски\"'),('909205',9,83,409,'Основно училище\"Антон Семьонович Макаренко\"'),('909206',9,83,410,'Основно училище \"Св. Св. Кирил и Методий\"'),('909207',9,83,407,'Начално училище \" Христо Ботев \"'),('909209',9,83,411,'Основно училище \"Отец Паисий\"'),('909211',9,83,412,'Основно училище \"Св.св.Кирил и Методий\"'),('909301',9,84,413,'Средно общообразователно училище \"Христо Ботев\"'),('909305',9,84,414,'Основно училище \"Васил Левски\"'),('909306',9,84,415,'Основно училище \"Христо Смирненски\"'),('909309',9,84,416,'Основно училище \"Христо Смирненски\"'),('909310',9,84,417,'Осноно училище \"Васил Левски\"'),('909314',9,84,413,'Професионална гимназия \"Руска Пеева\"'),('909315',9,84,418,'Средно общообразователно училище \"Паисий Хилендарски\"'),('909401',9,85,419,'Средно общообразователно училище \"Отец Паисий\"'),('909402',9,85,420,'Средно общообразователно училище \"Никола Йонков Вапцаров \"'),('909403',9,85,421,'Средно общообразователно училище \" Христо Ботев \"'),('909404',9,85,419,'Професионална гимназия по машиностроене и лека промишленост \"Васил Левски\"'),('909410',9,85,422,'Основно училище \"Васил Левски\"'),('909414',9,85,423,'Оcновно училище \" Устрем\"'),('909415',9,85,424,'ОСНОВНО УЧИЛИЩЕ \"Васил Левски\"'),('909416',9,85,425,'Основно училище \"Иван Вазов\"'),('909417',9,85,426,'Основно училище \"ХристоСмирненски\"'),('909501',9,86,427,'Средно общообразователно училище \"Васил Левски\"'),('909502',9,86,428,'Основно училище \"Михаил Христов\"'),('909503',9,86,427,'Професионална гимназия по транспорт \"Христо Смирненски\"'),('909504',9,86,429,'Държавно основно училище \"Васил Левски\"'),('909506',9,86,430,'Основно училище\"Никола Йонков Вапцаров\"'),('909507',9,86,431,'Основно училище \"Христо Ботев\"'),('909509',9,86,432,'Основно училище \"Пейо Крачолов Яворов\"'),('909510',9,86,433,'ОСНОВНО УЧИЛИЩЕ \"ВАСИЛ ЛЕВСКИ\"'),('909512',9,86,434,'Основно училище \"Никола Йонков Вапцаров\"'),('909513',9,86,435,'Основно училище\"Иван Вазов\"'),('909514',9,86,436,'Основно училище \"Св.Св.Кирил и Методий\"'),('909515',9,86,437,'НАЧАЛНО УЧИЛИЩЕ \"ВАСИЛ ЛЕВСКИ\"'),('909601',9,88,438,'Средно общообразователно училище \"Никола Йонков Вапцаров\"'),('909602',9,88,438,'Професионална гимназия по машиностроене и лека промишленост \"Васил Левски\"'),('909603',9,88,438,'Професионална гимназия по туризъм и хранително-вкусова промишленост \"Св. Св. Кирил и Методий\"'),('909604',9,88,439,'Основно училище \"Никола Йонков Вапцаров\"'),('909605',9,88,440,'Основно училище \"Никола Йонков Вапцаров\"'),('909608',9,88,438,'Основно училище \"Д-р Петър Берон\"'),('909609',9,88,394,'Основно училище \"Св. Св. Кирил и Методий\"'),('909612',9,88,395,'Основно училище \"Васил Левски\"'),('909701',9,89,396,'СОУ \" Христо Смирненски \"'),('909702',9,89,397,'Основно училище \" Никола Йонков Вапцаров \"'),('909703',9,89,398,'Основно училище \"Христо Ботев\"'),('909704',9,89,399,'ОСНОВНО УЧИЛИЩЕ \"ЙОРДАН ЙОВКОВ\"'),('909705',9,89,400,'Основно училище \" Васил Левски \"'),('909706',9,89,401,'Основно училище \"Никола Йонков Вапцаров\"'),('909708',9,89,402,'Основно училище \"Никола Йонков Вапцаров\"');
/*!40000 ALTER TABLE `collection_school` ENABLE KEYS */;
UNLOCK TABLES;

--
-- Table structure for table `entity_comment`
--

DROP TABLE IF EXISTS `entity_comment`;
/*!40101 SET @saved_cs_client     = @@character_set_client */;
/*!40101 SET character_set_client = utf8 */;
CREATE TABLE `entity_comment` (
  `id` char(13) NOT NULL,
  `content` text NOT NULL,
  `user_id` char(13) NOT NULL,
  `entity_id` char(13) NOT NULL,
  `created_at` timestamp NOT NULL DEFAULT CURRENT_TIMESTAMP,
  `updated_at` timestamp NULL DEFAULT NULL,
  `deleted_at` timestamp NULL DEFAULT NULL,
  PRIMARY KEY (`id`)
) ENGINE=InnoDB DEFAULT CHARSET=utf8;
/*!40101 SET character_set_client = @saved_cs_client */;

--
-- Dumping data for table `entity_comment`
--

LOCK TABLES `entity_comment` WRITE;
/*!40000 ALTER TABLE `entity_comment` DISABLE KEYS */;
/*!40000 ALTER TABLE `entity_comment` ENABLE KEYS */;
UNLOCK TABLES;

--
-- Table structure for table `group_couses`
--

DROP TABLE IF EXISTS `group_couses`;
/*!40101 SET @saved_cs_client     = @@character_set_client */;
/*!40101 SET character_set_client = utf8 */;
CREATE TABLE `group_couses` (
  `couse_id` char(13) NOT NULL,
  `couse_title` varchar(200) NOT NULL,
  PRIMARY KEY (`couse_id`)
) ENGINE=InnoDB DEFAULT CHARSET=utf8;
/*!40101 SET character_set_client = @saved_cs_client */;

--
-- Dumping data for table `group_couses`
--

LOCK TABLES `group_couses` WRITE;
/*!40000 ALTER TABLE `group_couses` DISABLE KEYS */;
/*!40000 ALTER TABLE `group_couses` ENABLE KEYS */;
UNLOCK TABLES;

--
-- Table structure for table `group_entity`
--

DROP TABLE IF EXISTS `group_entity`;
/*!40101 SET @saved_cs_client     = @@character_set_client */;
/*!40101 SET character_set_client = utf8 */;
CREATE TABLE `group_entity` (
  `id` int(11) NOT NULL AUTO_INCREMENT,
  `group_id` char(13) NOT NULL,
  `entity_id` char(13) NOT NULL,
  `entity_type` int(11) NOT NULL DEFAULT '1',
  `created_at` timestamp NOT NULL DEFAULT CURRENT_TIMESTAMP ON UPDATE CURRENT_TIMESTAMP,
  PRIMARY KEY (`id`),
  KEY `group_id` (`group_id`,`entity_id`)
) ENGINE=InnoDB DEFAULT CHARSET=utf8;
/*!40101 SET character_set_client = @saved_cs_client */;

--
-- Dumping data for table `group_entity`
--

LOCK TABLES `group_entity` WRITE;
/*!40000 ALTER TABLE `group_entity` DISABLE KEYS */;
/*!40000 ALTER TABLE `group_entity` ENABLE KEYS */;
UNLOCK TABLES;

--
-- Table structure for table `group_group_couses`
--

DROP TABLE IF EXISTS `group_group_couses`;
/*!40101 SET @saved_cs_client     = @@character_set_client */;
/*!40101 SET character_set_client = utf8 */;
CREATE TABLE `group_group_couses` (
  `group_id` char(13) NOT NULL,
  `couse_id` char(13) NOT NULL,
  KEY `group_id` (`group_id`,`couse_id`)
) ENGINE=InnoDB DEFAULT CHARSET=utf8;
/*!40101 SET character_set_client = @saved_cs_client */;

--
-- Dumping data for table `group_group_couses`
--

LOCK TABLES `group_group_couses` WRITE;
/*!40000 ALTER TABLE `group_group_couses` DISABLE KEYS */;
/*!40000 ALTER TABLE `group_group_couses` ENABLE KEYS */;
UNLOCK TABLES;

--
-- Table structure for table `groups`
--

DROP TABLE IF EXISTS `groups`;
/*!40101 SET @saved_cs_client     = @@character_set_client */;
/*!40101 SET character_set_client = utf8 */;
CREATE TABLE `groups` (
  `id` char(13) NOT NULL,
  `title` varchar(250) NOT NULL,
  `description` text NOT NULL,
  `couses` text,
  `picture` text,
  `deleted_at` timestamp NULL DEFAULT NULL,
  `created_at` timestamp NOT NULL DEFAULT CURRENT_TIMESTAMP,
  PRIMARY KEY (`id`)
) ENGINE=InnoDB DEFAULT CHARSET=utf8;
/*!40101 SET character_set_client = @saved_cs_client */;

--
-- Dumping data for table `groups`
--

LOCK TABLES `groups` WRITE;
/*!40000 ALTER TABLE `groups` DISABLE KEYS */;
/*!40000 ALTER TABLE `groups` ENABLE KEYS */;
UNLOCK TABLES;

--
-- Table structure for table `initiatives`
--

DROP TABLE IF EXISTS `initiatives`;
/*!40101 SET @saved_cs_client     = @@character_set_client */;
/*!40101 SET character_set_client = utf8 */;
CREATE TABLE `initiatives` (
  `id` int(10) unsigned NOT NULL AUTO_INCREMENT,
  `title` varchar(100) NOT NULL,
  `description` varchar(100) NOT NULL,
  `deleted_at` timestamp NULL DEFAULT NULL,
  PRIMARY KEY (`id`)
) ENGINE=InnoDB DEFAULT CHARSET=utf8;
/*!40101 SET character_set_client = @saved_cs_client */;

--
-- Dumping data for table `initiatives`
--

LOCK TABLES `initiatives` WRITE;
/*!40000 ALTER TABLE `initiatives` DISABLE KEYS */;
/*!40000 ALTER TABLE `initiatives` ENABLE KEYS */;
UNLOCK TABLES;

--
-- Table structure for table `message_handler`
--

DROP TABLE IF EXISTS `message_handler`;
/*!40101 SET @saved_cs_client     = @@character_set_client */;
/*!40101 SET character_set_client = utf8 */;
CREATE TABLE `message_handler` (
  `id` int(11) NOT NULL AUTO_INCREMENT,
  `thread_id` char(13) NOT NULL,
  `issuer_id` char(13) NOT NULL,
  `recipient_id` char(13) NOT NULL,
  `created_at` timestamp NULL DEFAULT CURRENT_TIMESTAMP,
  `updated_at` timestamp NULL DEFAULT NULL,
  PRIMARY KEY (`id`)
) ENGINE=InnoDB DEFAULT CHARSET=utf8;
/*!40101 SET character_set_client = @saved_cs_client */;

--
-- Dumping data for table `message_handler`
--

LOCK TABLES `message_handler` WRITE;
/*!40000 ALTER TABLE `message_handler` DISABLE KEYS */;
/*!40000 ALTER TABLE `message_handler` ENABLE KEYS */;
UNLOCK TABLES;

--
-- Table structure for table `messages`
--

DROP TABLE IF EXISTS `messages`;
/*!40101 SET @saved_cs_client     = @@character_set_client */;
/*!40101 SET character_set_client = utf8 */;
CREATE TABLE `messages` (
  `id` int(10) unsigned NOT NULL AUTO_INCREMENT,
  `thread_id` char(13) NOT NULL,
  `user_id` char(13) NOT NULL,
  `message` text NOT NULL,
  `created_at` timestamp NOT NULL DEFAULT CURRENT_TIMESTAMP ON UPDATE CURRENT_TIMESTAMP,
  PRIMARY KEY (`id`)
) ENGINE=InnoDB DEFAULT CHARSET=utf8;
/*!40101 SET character_set_client = @saved_cs_client */;

--
-- Dumping data for table `messages`
--

LOCK TABLES `messages` WRITE;
/*!40000 ALTER TABLE `messages` DISABLE KEYS */;
/*!40000 ALTER TABLE `messages` ENABLE KEYS */;
UNLOCK TABLES;

--
-- Table structure for table `migrations`
--

DROP TABLE IF EXISTS `migrations`;
/*!40101 SET @saved_cs_client     = @@character_set_client */;
/*!40101 SET character_set_client = utf8 */;
CREATE TABLE `migrations` (
  `migration` varchar(255) NOT NULL,
  `batch` int(11) NOT NULL
) ENGINE=InnoDB DEFAULT CHARSET=utf8;
/*!40101 SET character_set_client = @saved_cs_client */;

--
-- Dumping data for table `migrations`
--

LOCK TABLES `migrations` WRITE;
/*!40000 ALTER TABLE `migrations` DISABLE KEYS */;
/*!40000 ALTER TABLE `migrations` ENABLE KEYS */;
UNLOCK TABLES;

--
-- Table structure for table `projects`
--

DROP TABLE IF EXISTS `projects`;
/*!40101 SET @saved_cs_client     = @@character_set_client */;
/*!40101 SET character_set_client = utf8 */;
CREATE TABLE `projects` (
  `id` char(13) NOT NULL,
  `title` varchar(300) NOT NULL,
  `description` text NOT NULL,
  `budget` varchar(10) NOT NULL,
  `start` date NOT NULL,
  `end` date NOT NULL,
  `status` int(11) NOT NULL,
  `created_at` timestamp NOT NULL DEFAULT CURRENT_TIMESTAMP ON UPDATE CURRENT_TIMESTAMP,
  `updated_at` timestamp NOT NULL DEFAULT '0000-00-00 00:00:00',
  `deleted_at` timestamp NOT NULL DEFAULT '0000-00-00 00:00:00',
  PRIMARY KEY (`id`)
) ENGINE=InnoDB DEFAULT CHARSET=utf8;
/*!40101 SET character_set_client = @saved_cs_client */;

--
-- Dumping data for table `projects`
--

LOCK TABLES `projects` WRITE;
/*!40000 ALTER TABLE `projects` DISABLE KEYS */;
/*!40000 ALTER TABLE `projects` ENABLE KEYS */;
UNLOCK TABLES;

--
-- Table structure for table `projects_plan`
--

DROP TABLE IF EXISTS `projects_plan`;
/*!40101 SET @saved_cs_client     = @@character_set_client */;
/*!40101 SET character_set_client = utf8 */;
CREATE TABLE `projects_plan` (
  `id` int(10) unsigned NOT NULL AUTO_INCREMENT,
  `project_id` char(13) NOT NULL,
  `milestone` text NOT NULL,
  `deadline` timestamp NOT NULL DEFAULT CURRENT_TIMESTAMP ON UPDATE CURRENT_TIMESTAMP,
  PRIMARY KEY (`id`)
) ENGINE=InnoDB DEFAULT CHARSET=utf8;
/*!40101 SET character_set_client = @saved_cs_client */;

--
-- Dumping data for table `projects_plan`
--

LOCK TABLES `projects_plan` WRITE;
/*!40000 ALTER TABLE `projects_plan` DISABLE KEYS */;
/*!40000 ALTER TABLE `projects_plan` ENABLE KEYS */;
UNLOCK TABLES;

--
-- Table structure for table `threads`
--

DROP TABLE IF EXISTS `threads`;
/*!40101 SET @saved_cs_client     = @@character_set_client */;
/*!40101 SET character_set_client = utf8 */;
CREATE TABLE `threads` (
  `id` int(11) NOT NULL AUTO_INCREMENT,
  `thread_id` char(13) NOT NULL,
  `user_id` char(13) NOT NULL,
  PRIMARY KEY (`id`)
) ENGINE=InnoDB DEFAULT CHARSET=utf8;
/*!40101 SET character_set_client = @saved_cs_client */;

--
-- Dumping data for table `threads`
--

LOCK TABLES `threads` WRITE;
/*!40000 ALTER TABLE `threads` DISABLE KEYS */;
/*!40000 ALTER TABLE `threads` ENABLE KEYS */;
UNLOCK TABLES;

--
-- Table structure for table `tt_class`
--

DROP TABLE IF EXISTS `tt_class`;
/*!40101 SET @saved_cs_client     = @@character_set_client */;
/*!40101 SET character_set_client = utf8 */;
CREATE TABLE `tt_class` (
  `id` char(13) NOT NULL,
  `class_id` varchar(100) NOT NULL,
  `school_id` int(11) NOT NULL,
  `label` char(1) NOT NULL,
  `position` tinyint(4) NOT NULL,
  `signature` varchar(4) NOT NULL,
  PRIMARY KEY (`id`)
) ENGINE=InnoDB DEFAULT CHARSET=utf8;
/*!40101 SET character_set_client = @saved_cs_client */;

--
-- Dumping data for table `tt_class`
--

LOCK TABLES `tt_class` WRITE;
/*!40000 ALTER TABLE `tt_class` DISABLE KEYS */;
INSERT INTO `tt_class` VALUES ('593f846c8cf5f','100070_1А_2015',100070,'А',1,'1А'),('593f8473cd876','100070_2Б_2015',100070,'Б',2,'2Б'),('593f847c598e9','100070_3Г_2015',100070,'Г',3,'3Г'),('593f977759a19','100070_4Б_2015',100070,'Б',4,'4Б'),('593f977759cb1','100070_4Б_2015',100070,'Б',4,'4Б'),('593f9782b4cea','100070_6В_2015',100070,'В',6,'6В'),('593f9782b4e6e','100070_6В_2015',100070,'В',6,'6В');
/*!40000 ALTER TABLE `tt_class` ENABLE KEYS */;
UNLOCK TABLES;

--
-- Table structure for table `tt_goal`
--

DROP TABLE IF EXISTS `tt_goal`;
/*!40101 SET @saved_cs_client     = @@character_set_client */;
/*!40101 SET character_set_client = utf8 */;
CREATE TABLE `tt_goal` (
  `id` char(13) NOT NULL,
  `title` varchar(500) NOT NULL,
  PRIMARY KEY (`id`)
) ENGINE=InnoDB DEFAULT CHARSET=utf8;
/*!40101 SET character_set_client = @saved_cs_client */;

--
-- Dumping data for table `tt_goal`
--

LOCK TABLES `tt_goal` WRITE;
/*!40000 ALTER TABLE `tt_goal` DISABLE KEYS */;
INSERT INTO `tt_goal` VALUES ('59428b1fd02dc','Подобряване на четивната грамотност'),('59428b2740310','Повишаване на разбирането на материала'),('59428b498eb4d','Слушане с разбиране'),('59428b504b50c','Креативно мислене'),('59428b69a10ab','Повишаване на качеството на работа в екип');
/*!40000 ALTER TABLE `tt_goal` ENABLE KEYS */;
UNLOCK TABLES;

--
-- Table structure for table `tt_student`
--

DROP TABLE IF EXISTS `tt_student`;
/*!40101 SET @saved_cs_client     = @@character_set_client */;
/*!40101 SET character_set_client = utf8 */;
CREATE TABLE `tt_student` (
  `id` char(13) NOT NULL,
  `name` varchar(200) NOT NULL,
  `birthdate` timestamp NULL DEFAULT NULL,
  `signature` varchar(3) NOT NULL,
  `created_at` timestamp NULL DEFAULT CURRENT_TIMESTAMP,
  `updated_at` timestamp NULL DEFAULT NULL,
  `deleted_at` timestamp NULL DEFAULT NULL,
  PRIMARY KEY (`id`)
) ENGINE=InnoDB DEFAULT CHARSET=utf8;
/*!40101 SET character_set_client = @saved_cs_client */;

--
-- Dumping data for table `tt_student`
--

LOCK TABLES `tt_student` WRITE;
/*!40000 ALTER TABLE `tt_student` DISABLE KEYS */;
INSERT INTO `tt_student` VALUES ('593f94c80220e','Михаил Петров','2017-06-04 00:00:00','МП','2017-06-13 07:31:20',NULL,'2017-06-16 04:27:56'),('593f953c57a8e','Тодор Петров','2017-06-18 00:00:00','ТП','2017-06-13 07:33:16',NULL,NULL),('593f95410a58a','Иван Иванов','2017-06-20 00:00:00','ИИ','2017-06-13 07:33:21',NULL,NULL),('593f954785778','Ненчо Илчев','2017-06-16 00:00:00','НИ','2017-06-13 07:33:27',NULL,'2017-06-13 07:34:22'),('593f954f40027','Димитър Василев','2017-06-23 00:00:00','ДВ','2017-06-13 07:33:35',NULL,NULL),('593f95593deb4','Радан Кънев','2017-06-18 00:00:00','РК','2017-06-13 07:33:45',NULL,NULL),('593f956bd3afb','Димитър Борисов','2017-06-25 00:00:00','ДБ','2017-06-13 07:34:03',NULL,NULL),('593f973beb6b7','Игор Алабамов','2017-06-18 00:00:00','ИА','2017-06-13 07:41:47',NULL,NULL),('5942711362d61','Найден Илиев','2017-06-06 00:00:00','НИ','2017-06-15 11:35:47',NULL,'2017-06-15 12:48:37'),('5942711b68540','Бачо Кико','2017-06-01 00:00:00','БК','2017-06-15 11:35:55',NULL,NULL),('59427fb2796bc','Добрин Ванков','2017-06-05 00:00:00','ДВ','2017-06-15 12:38:10',NULL,NULL),('594281cde8bcd','Дончо Минков','2017-06-12 00:00:00','ДМ','2017-06-15 12:47:09',NULL,NULL),('5942edf696a7e','Тодор Василев','2017-06-07 00:00:00','ТВ','2017-06-15 20:28:38',NULL,NULL),('5942f48993b9b','Наката Георгиев','2017-06-11 00:00:00','НГ','2017-06-15 20:56:41',NULL,NULL),('5942f48993d03','Наката Георгиев','2017-06-11 00:00:00','НГ','2017-06-15 20:56:41',NULL,NULL),('5942f48a1afd0','Наката Георгиев','2017-06-11 00:00:00','НГ','2017-06-15 20:56:42',NULL,NULL),('5942f48a63032','Наката Георгиев','2017-06-11 00:00:00','НГ','2017-06-15 20:56:42',NULL,NULL);
/*!40000 ALTER TABLE `tt_student` ENABLE KEYS */;
UNLOCK TABLES;

--
-- Table structure for table `tt_student_class`
--

DROP TABLE IF EXISTS `tt_student_class`;
/*!40101 SET @saved_cs_client     = @@character_set_client */;
/*!40101 SET character_set_client = utf8 */;
CREATE TABLE `tt_student_class` (
  `student_id` char(13) NOT NULL,
  `class_id` char(13) NOT NULL
) ENGINE=InnoDB DEFAULT CHARSET=utf8;
/*!40101 SET character_set_client = @saved_cs_client */;

--
-- Dumping data for table `tt_student_class`
--

LOCK TABLES `tt_student_class` WRITE;
/*!40000 ALTER TABLE `tt_student_class` DISABLE KEYS */;
INSERT INTO `tt_student_class` VALUES ('593f8d13a3086','593f846c8cf5f'),('593f8d24b2a36','593f846c8cf5f'),('593f8d32699f2','593f846c8cf5f'),('593f8da374372','593f846c8cf5f'),('593f939a701da','593f846c8cf5f'),('593f93dd0540b','593f846c8cf5f'),('593f93e4a9a6e','593f846c8cf5f'),('593f94c80220e','593f846c8cf5f'),('593f953c57a8e','593f846c8cf5f'),('593f95410a58a','593f846c8cf5f'),('593f954785778','593f846c8cf5f'),('593f954f40027','593f846c8cf5f'),('593f95593deb4','593f846c8cf5f'),('593f956bd3afb','593f846c8cf5f'),('593f973beb6b7','593f846c8cf5f'),('5942711362d61','593f846c8cf5f'),('5942711b68540','593f846c8cf5f'),('59427fb2796bc','593f846c8cf5f'),('594281cde8bcd','593f846c8cf5f'),('5942edf696a7e','593f846c8cf5f'),('5942f48993d03','593f846c8cf5f'),('5942f48993b9b','593f846c8cf5f'),('5942f48a1afd0','593f846c8cf5f'),('5942f48a63032','593f846c8cf5f');
/*!40000 ALTER TABLE `tt_student_class` ENABLE KEYS */;
UNLOCK TABLES;

--
-- Table structure for table `tt_subject`
--

DROP TABLE IF EXISTS `tt_subject`;
/*!40101 SET @saved_cs_client     = @@character_set_client */;
/*!40101 SET character_set_client = utf8 */;
CREATE TABLE `tt_subject` (
  `id` int(11) NOT NULL AUTO_INCREMENT,
  `title` varchar(100) NOT NULL,
  PRIMARY KEY (`id`)
) ENGINE=InnoDB AUTO_INCREMENT=7 DEFAULT CHARSET=utf8;
/*!40101 SET character_set_client = @saved_cs_client */;

--
-- Dumping data for table `tt_subject`
--

LOCK TABLES `tt_subject` WRITE;
/*!40000 ALTER TABLE `tt_subject` DISABLE KEYS */;
INSERT INTO `tt_subject` VALUES (1,'Етика'),(2,'Право'),(3,'Психология'),(4,'Логика'),(5,'Философия'),(6,'Свят и личност');
/*!40000 ALTER TABLE `tt_subject` ENABLE KEYS */;
UNLOCK TABLES;

--
-- Table structure for table `tt_teacher_calendar`
--

DROP TABLE IF EXISTS `tt_teacher_calendar`;
/*!40101 SET @saved_cs_client     = @@character_set_client */;
/*!40101 SET character_set_client = utf8 */;
CREATE TABLE `tt_teacher_calendar` (
  `id` char(13) NOT NULL,
  `class_id` char(13) NOT NULL,
  `subject_id` int(11) NOT NULL,
  `timestamp` varchar(20) NOT NULL,
  `teacher_id` char(13) NOT NULL,
  PRIMARY KEY (`id`)
) ENGINE=InnoDB DEFAULT CHARSET=utf8;
/*!40101 SET character_set_client = @saved_cs_client */;

--
-- Dumping data for table `tt_teacher_calendar`
--

LOCK TABLES `tt_teacher_calendar` WRITE;
/*!40000 ALTER TABLE `tt_teacher_calendar` DISABLE KEYS */;
INSERT INTO `tt_teacher_calendar` VALUES ('5940c680ce223','593f846c8cf5f',1,'1496264400000','48296cd9beeb5'),('5940c89cdb362','593f846c8cf5f',1,'1497474000000','48296cd9beeb5'),('5940c8abd4934','593f8473cd876',2,'1499288400000','48296cd9beeb5'),('5940c8c0dae66','593f977759cb1',4,'1498078800000','48296cd9beeb5'),('5940d78d429fa','593f846c8cf5f',2,'1497387600000','48296cd9beeb5'),('5940d7c24408a','593f8473cd876',3,'1497387600000','48296cd9beeb5'),('5940d7f545bfd','593f846c8cf5f',2,'1497301200000','48296cd9beeb5'),('5940d82a91adf','593f8473cd876',3,'1497560400000','48296cd9beeb5'),('5940d84270b80','593f847c598e9',3,'1498683600000','48296cd9beeb5'),('5940ed214bca6','593f9782b4e6e',2,'1497474000000','48296cd9beeb5'),('59415258830d2','593f847c598e9',3,'1497474000000','48296cd9beeb5'),('594152725d82c','593f977759cb1',4,'1497474000000','48296cd9beeb5'),('5942ffe65b026','593f9782b4e6e',5,'1497474000000','48296cd9beeb5'),('5943002a5ba40','593f8473cd876',2,'1501189200000','48296cd9beeb5'),('5943abcca13bd','593f846c8cf5f',1,'1496782800000','48296cd9beeb5'),('5943ac9d16289','593f846c8cf5f',2,'1496696400000','48296cd9beeb5');
/*!40000 ALTER TABLE `tt_teacher_calendar` ENABLE KEYS */;
UNLOCK TABLES;

--
-- Table structure for table `tt_teacher_class`
--

DROP TABLE IF EXISTS `tt_teacher_class`;
/*!40101 SET @saved_cs_client     = @@character_set_client */;
/*!40101 SET character_set_client = utf8 */;
CREATE TABLE `tt_teacher_class` (
  `teacher_id` char(13) NOT NULL,
  `class_id` char(13) NOT NULL
) ENGINE=InnoDB DEFAULT CHARSET=utf8;
/*!40101 SET character_set_client = @saved_cs_client */;

--
-- Dumping data for table `tt_teacher_class`
--

LOCK TABLES `tt_teacher_class` WRITE;
/*!40000 ALTER TABLE `tt_teacher_class` DISABLE KEYS */;
INSERT INTO `tt_teacher_class` VALUES ('48296cd9beeb5','593f846c8cf5f'),('48296cd9beeb5','593f8473cd876'),('48296cd9beeb5','593f847c598e9'),('48296cd9beeb5','593f977759cb1'),('48296cd9beeb5','593f977759a19'),('48296cd9beeb5','593f9782b4e6e'),('48296cd9beeb5','593f9782b4cea');
/*!40000 ALTER TABLE `tt_teacher_class` ENABLE KEYS */;
UNLOCK TABLES;

--
-- Table structure for table `tt_teacher_subject`
--

DROP TABLE IF EXISTS `tt_teacher_subject`;
/*!40101 SET @saved_cs_client     = @@character_set_client */;
/*!40101 SET character_set_client = utf8 */;
CREATE TABLE `tt_teacher_subject` (
  `teacher_id` char(13) NOT NULL,
  `subject_id` int(250) NOT NULL,
  `id` int(11) NOT NULL AUTO_INCREMENT,
  PRIMARY KEY (`id`)
) ENGINE=InnoDB AUTO_INCREMENT=7 DEFAULT CHARSET=utf8;
/*!40101 SET character_set_client = @saved_cs_client */;

--
-- Dumping data for table `tt_teacher_subject`
--

LOCK TABLES `tt_teacher_subject` WRITE;
/*!40000 ALTER TABLE `tt_teacher_subject` DISABLE KEYS */;
INSERT INTO `tt_teacher_subject` VALUES ('48296cd9beeb5',1,1),('48296cd9beeb5',2,2),('48296cd9beeb5',3,3),('48296cd9beeb5',4,4),('48296cd9beeb5',5,5),('48296cd9beeb5',6,6);
/*!40000 ALTER TABLE `tt_teacher_subject` ENABLE KEYS */;
UNLOCK TABLES;

--
-- Table structure for table `user__user_type`
--

DROP TABLE IF EXISTS `user__user_type`;
/*!40101 SET @saved_cs_client     = @@character_set_client */;
/*!40101 SET character_set_client = utf8 */;
CREATE TABLE `user__user_type` (
  `user_id` char(13) NOT NULL,
  `user_type_id` varchar(255) NOT NULL,
  `is_active` int(11) NOT NULL DEFAULT '1',
  PRIMARY KEY (`user_id`,`user_type_id`)
) ENGINE=InnoDB DEFAULT CHARSET=utf8;
/*!40101 SET character_set_client = @saved_cs_client */;

--
-- Dumping data for table `user__user_type`
--

LOCK TABLES `user__user_type` WRITE;
/*!40000 ALTER TABLE `user__user_type` DISABLE KEYS */;
INSERT INTO `user__user_type` VALUES ('48296cd9beeb5','1',1),('59396cd9beeb5','2',1),('59396cd9beeb7','2',1),('59396cd9beeb8','2',1),('59396cd9beeb9','2',1),('59396cd9beeba','2',1),('59396cd9beebb','2',1),('59396cd9beebc','2',1),('59396cd9beebd','2',1),('59396cd9beebe','2',1),('59396cd9beebf','2',1),('59396cd9beec0','2',1),('59396cd9beec1','2',1),('59396cd9beec2','2',1),('59396cd9beec5','2',1),('59396cd9beec6','2',1),('59396cd9beec7','2',1),('59396cd9beec8','2',1),('59396cd9beec9','2',1),('59396cd9beeca','2',1),('59396cd9beecb','2',1),('59396cd9beecd','2',1),('59396cd9beece','2',1),('59396cd9beecf','2',1),('59396cd9beed0','2',1),('59396cd9beed1','2',1),('59396cd9beed2','2',1),('59396cd9beed3','2',1),('59396cd9beed5','2',1),('59396cd9beed6','2',1),('59396cd9beed7','2',1),('59396cd9beeda','2',1),('59396cd9beedb','2',1),('59396cd9beedc','2',1),('59396cd9beede','2',1),('59396cd9beedf','2',1),('59396cd9beee0','2',1),('59396cd9beee1','2',1),('59396cd9beee2','2',1),('59396cd9beee3','2',1),('59396cd9beee4','2',1),('59396cd9beee5','2',1),('59396cd9beee6','2',1),('59396cd9beee7','2',1),('59396cd9beee8','2',1),('59396cd9beee9','2',1),('59396cd9beeea','2',1),('59396cd9beeeb','2',1),('59396cd9beeec','2',1),('59396cd9beeed','2',1),('59396cd9beeef','2',1),('59396cd9beef0','2',1),('59396cd9beef1','2',1),('59396cd9beef2','2',1),('59396cd9beef3','2',1),('59396cd9beef4','2',1),('59396cd9beef5','2',1),('59396cd9beef6','2',1),('59396cd9beef8','2',1),('59396cd9beef9','2',1),('59396cd9beefa','2',1),('59396cd9beefb','2',1),('59396cd9beefc','2',1),('59396cd9beefd','2',1),('59396cd9beefe','2',1),('59396cd9beeff','2',1),('59396cd9bef00','2',1),('59396cd9bef01','2',1),('59396cd9bef02','2',1),('59396cd9bef03','2',1),('59396cd9bef04','2',1),('59396cd9bef05','2',1),('59396cd9bef06','2',1),('59396cd9bef08','2',1),('59396cd9bef09','2',1),('59396cd9bef0a','2',1),('59396cd9bef0b','2',1),('59396cd9bef0c','2',1),('59396cd9bef0e','2',1),('59396cd9bef0f','2',1),('59396cd9bef10','2',1),('59396cd9bef11','2',1),('59396cd9bef12','2',1),('59396cd9bef13','2',1),('59396cd9bef14','2',1),('59396cd9bef15','2',1),('59396cd9bef16','2',1),('59396cd9bef17','2',1),('59396cd9bef18','2',1),('59396cd9bef19','2',1),('59396cd9bef1b','2',1),('59396cd9bef1c','2',1),('59396cd9bef1d','2',1),('59396cd9bef1e','2',1),('59396cd9bef1f','2',1),('59396cd9bef20','2',1),('59396cd9bef21','2',1),('59396cd9bef22','2',1),('59396cd9bef24','2',1),('59396cd9bef25','2',1),('59396cd9bef26','2',1),('59396cd9bef27','2',1),('59396cd9bef29','2',1),('59396cd9bef2a','2',1),('59396cd9bef2b','2',1),('593976dfe2065','3',1),('593976dfe2066','3',1),('593976dfe2067','3',1),('593976dfe2068','2',1),('593976dfe2068','3',1),('593976dfe2069','3',1),('593976dfe206a','2',1),('593976dfe206a','3',1),('593976dfe206b','3',1),('593976dfe206c','3',1),('593976dfe206d','2',1),('593976dfe206d','3',1),('593976dfe206e','3',1),('593976dfe206f','3',1),('593976dfe2070','3',1),('593976dfe2071','3',1),('593976dfe2072','3',1),('593976dfe2073','3',1),('593976dfe2074','2',1),('593976dfe2074','3',1),('593976dfe2075','2',1),('593976dfe2075','3',1),('593976dfe2076','3',1),('593976dfe2077','3',1),('593976dfe2078','2',1),('593976dfe2078','3',1),('593976dfe2079','2',1),('593976dfe2079','3',1),('593976dfe207a','2',1),('593976dfe207a','3',1),('593976dfe207b','2',1),('593976dfe207b','3',1),('593976dfe207c','2',1),('593976dfe207c','3',1),('593976dfe207d','3',1),('593976dfe207e','3',1),('593976dfe207f','3',1),('593976dfe2080','3',1),('593976dfe2081','3',1),('593976dfe2082','2',1),('593976dfe2082','3',1),('593976dfe2083','2',1),('593976dfe2083','3',1),('593976dfe2084','2',1),('593976dfe2084','3',1),('593976dfe2085','3',1),('593976dfe2086','2',1),('593976dfe2086','3',1),('593976dfe2087','3',1);
/*!40000 ALTER TABLE `user__user_type` ENABLE KEYS */;
UNLOCK TABLES;

--
-- Table structure for table `user_collection`
--

DROP TABLE IF EXISTS `user_collection`;
/*!40101 SET @saved_cs_client     = @@character_set_client */;
/*!40101 SET character_set_client = utf8 */;
CREATE TABLE `user_collection` (
  `user_id` char(13) NOT NULL,
  `collection_id` char(13) NOT NULL,
  `is_owner` tinyint(4) NOT NULL,
  `is_admin` tinyint(4) NOT NULL,
  `is_editor` tinyint(4) NOT NULL
) ENGINE=InnoDB DEFAULT CHARSET=utf8;
/*!40101 SET character_set_client = @saved_cs_client */;

--
-- Dumping data for table `user_collection`
--

LOCK TABLES `user_collection` WRITE;
/*!40000 ALTER TABLE `user_collection` DISABLE KEYS */;
/*!40000 ALTER TABLE `user_collection` ENABLE KEYS */;
UNLOCK TABLES;

--
-- Table structure for table `user_contact`
--

DROP TABLE IF EXISTS `user_contact`;
/*!40101 SET @saved_cs_client     = @@character_set_client */;
/*!40101 SET character_set_client = utf8 */;
CREATE TABLE `user_contact` (
  `user_id` char(13) NOT NULL,
  `phone` varchar(15) DEFAULT NULL,
  `birth_date` date DEFAULT NULL,
  `birth_place` varchar(255) DEFAULT NULL,
  `address` varchar(255) NOT NULL,
  PRIMARY KEY (`user_id`),
  UNIQUE KEY `user_meta_phone_unique` (`phone`)
) ENGINE=InnoDB DEFAULT CHARSET=utf8;
/*!40101 SET character_set_client = @saved_cs_client */;

--
-- Dumping data for table `user_contact`
--

LOCK TABLES `user_contact` WRITE;
/*!40000 ALTER TABLE `user_contact` DISABLE KEYS */;
INSERT INTO `user_contact` VALUES ('59396cd9beeb5','0895001081',NULL,NULL,''),('59396cd9beeb7','899838565',NULL,NULL,''),('59396cd9beeb8','0895 08 09 52',NULL,NULL,''),('59396cd9beeb9','887358918',NULL,NULL,''),('59396cd9beeba','887063162',NULL,NULL,''),('59396cd9beebb','878189398',NULL,NULL,''),('59396cd9beebc','895713233',NULL,NULL,''),('59396cd9beebd','888096733',NULL,NULL,''),('59396cd9beebe','883311350',NULL,NULL,''),('59396cd9beebf','888386979',NULL,NULL,''),('59396cd9beec0','892220086',NULL,NULL,''),('59396cd9beec1','888861141',NULL,NULL,''),('59396cd9beec2','896224073',NULL,NULL,''),('59396cd9beec5','888143164',NULL,NULL,''),('59396cd9beec6','883443334',NULL,NULL,''),('59396cd9beec7','0893322369',NULL,NULL,''),('59396cd9beec8','899149569',NULL,NULL,''),('59396cd9beec9','887899704',NULL,NULL,''),('59396cd9beeca','885579626',NULL,NULL,''),('59396cd9beecb','877 090584',NULL,NULL,''),('59396cd9beecd','887024722',NULL,NULL,''),('59396cd9beece','883335501',NULL,NULL,''),('59396cd9beecf','886470291',NULL,NULL,''),('59396cd9beed0','883345005',NULL,NULL,''),('59396cd9beed1','0898 44 34 74',NULL,NULL,''),('59396cd9beed2','888765350',NULL,NULL,''),('59396cd9beed3','0882855030',NULL,NULL,''),('59396cd9beed5','895860789',NULL,NULL,''),('59396cd9beed6','886193300',NULL,NULL,''),('59396cd9beed7','0885 16 14 16',NULL,NULL,''),('59396cd9beeda','885780548',NULL,NULL,''),('59396cd9beedb','877966199',NULL,NULL,''),('59396cd9beedc','899928359',NULL,NULL,''),('59396cd9beede','0882 420542',NULL,NULL,''),('59396cd9beedf','0889887449',NULL,NULL,''),('59396cd9beee0','885247790',NULL,NULL,''),('59396cd9beee1','0878 606 320',NULL,NULL,''),('59396cd9beee2','898 680 652',NULL,NULL,''),('59396cd9beee3','359877445737',NULL,NULL,''),('59396cd9beee4','896976855',NULL,NULL,''),('59396cd9beee5','0889 670 026',NULL,NULL,''),('59396cd9beee6','899130102',NULL,NULL,''),('59396cd9beee7','886581676',NULL,NULL,''),('59396cd9beee8','885667468',NULL,NULL,''),('59396cd9beee9','887129233',NULL,NULL,''),('59396cd9beeea','883489556',NULL,NULL,''),('59396cd9beeeb','888184153',NULL,NULL,''),('59396cd9beeec','883378666',NULL,NULL,''),('59396cd9beeed','895888892',NULL,NULL,''),('59396cd9beeef','0899710000',NULL,NULL,''),('59396cd9beef0','886453835',NULL,NULL,''),('59396cd9beef1','898430410',NULL,NULL,''),('59396cd9beef2','0887 36 15 36',NULL,NULL,''),('59396cd9beef3','898876414',NULL,NULL,''),('59396cd9beef4','877733024',NULL,NULL,''),('59396cd9beef5','0878 93 97 10',NULL,NULL,''),('59396cd9beef6','887258409',NULL,NULL,''),('59396cd9beef8','988825424',NULL,NULL,''),('59396cd9beef9','884851918',NULL,NULL,''),('59396cd9beefa','883324034',NULL,NULL,''),('59396cd9beefb','893819149',NULL,NULL,''),('59396cd9beefc','877489809',NULL,NULL,''),('59396cd9beefd','0888099101',NULL,NULL,''),('59396cd9beefe','885458007',NULL,NULL,''),('59396cd9beeff','0894765080',NULL,NULL,''),('59396cd9bef00','887311786',NULL,NULL,''),('59396cd9bef01','0884 644 232',NULL,NULL,''),('59396cd9bef02','0884 58 66 33',NULL,NULL,''),('59396cd9bef03','883363839',NULL,NULL,''),('59396cd9bef04','883425080',NULL,NULL,''),('59396cd9bef05','877495751',NULL,NULL,''),('59396cd9bef06','879662012',NULL,NULL,''),('59396cd9bef08','897828359',NULL,NULL,''),('59396cd9bef09','09 888 250 63',NULL,NULL,''),('59396cd9bef0a','886836269',NULL,NULL,''),('59396cd9bef0b','884602793',NULL,NULL,''),('59396cd9bef0c','897889527',NULL,NULL,''),('59396cd9bef0e','878357706',NULL,NULL,''),('59396cd9bef0f','899662279',NULL,NULL,''),('59396cd9bef10','895917031',NULL,NULL,''),('59396cd9bef11','0889915835',NULL,NULL,''),('59396cd9bef12','888072170',NULL,NULL,''),('59396cd9bef13','886802402',NULL,NULL,''),('59396cd9bef14','887949093',NULL,NULL,''),('59396cd9bef15','898293015',NULL,NULL,''),('59396cd9bef16','883610817',NULL,NULL,''),('59396cd9bef17','883348826',NULL,NULL,''),('59396cd9bef18','899933163',NULL,NULL,''),('59396cd9bef19','898716675',NULL,NULL,''),('59396cd9bef1b','886919882',NULL,NULL,''),('59396cd9bef1c','883312555',NULL,NULL,''),('59396cd9bef1d','883307739',NULL,NULL,''),('59396cd9bef1e','882008791',NULL,NULL,''),('59396cd9bef1f','894393144',NULL,NULL,''),('59396cd9bef20','877382206',NULL,NULL,''),('59396cd9bef21','897918418',NULL,NULL,''),('59396cd9bef22','897312065',NULL,NULL,''),('59396cd9bef24','883355596',NULL,NULL,''),('59396cd9bef25','0899015999',NULL,NULL,''),('59396cd9bef26','895641106',NULL,NULL,''),('59396cd9bef27','882263238',NULL,NULL,''),('59396cd9bef29','883455324',NULL,NULL,''),('59396cd9bef2a','896574777',NULL,NULL,''),('59396cd9bef2b','884632888',NULL,NULL,''),('593976dfe2065',NULL,NULL,NULL,''),('593976dfe2066',NULL,NULL,NULL,''),('593976dfe2067',NULL,NULL,NULL,''),('593976dfe2068',NULL,NULL,NULL,''),('593976dfe2069',NULL,NULL,NULL,''),('593976dfe206a',NULL,NULL,NULL,''),('593976dfe206b',NULL,NULL,NULL,''),('593976dfe206c',NULL,NULL,NULL,''),('593976dfe206d',NULL,NULL,NULL,''),('593976dfe206e',NULL,NULL,NULL,''),('593976dfe206f',NULL,NULL,NULL,''),('593976dfe2070',NULL,NULL,NULL,''),('593976dfe2071',NULL,NULL,NULL,''),('593976dfe2072',NULL,NULL,NULL,''),('593976dfe2073',NULL,NULL,NULL,''),('593976dfe2074',NULL,NULL,NULL,''),('593976dfe2075',NULL,NULL,NULL,''),('593976dfe2076',NULL,NULL,NULL,''),('593976dfe2077',NULL,NULL,NULL,''),('593976dfe2078',NULL,NULL,NULL,''),('593976dfe2079',NULL,NULL,NULL,''),('593976dfe207a',NULL,NULL,NULL,''),('593976dfe207b',NULL,NULL,NULL,''),('593976dfe207c',NULL,NULL,NULL,''),('593976dfe207d',NULL,NULL,NULL,''),('593976dfe207e',NULL,NULL,NULL,''),('593976dfe207f',NULL,NULL,NULL,''),('593976dfe2080',NULL,NULL,NULL,''),('593976dfe2081',NULL,NULL,NULL,''),('593976dfe2082',NULL,NULL,NULL,''),('593976dfe2083',NULL,NULL,NULL,''),('593976dfe2084',NULL,NULL,NULL,''),('593976dfe2085',NULL,NULL,NULL,''),('593976dfe2086',NULL,NULL,NULL,''),('593976dfe2087',NULL,NULL,NULL,'');
/*!40000 ALTER TABLE `user_contact` ENABLE KEYS */;
UNLOCK TABLES;

--
-- Table structure for table `user_education`
--

DROP TABLE IF EXISTS `user_education`;
/*!40101 SET @saved_cs_client     = @@character_set_client */;
/*!40101 SET character_set_client = utf8 */;
CREATE TABLE `user_education` (
  `id` int(10) unsigned NOT NULL AUTO_INCREMENT,
  `user_id` char(13) NOT NULL,
  `institution` text,
  `date_start` date DEFAULT NULL,
  `date_end` date DEFAULT NULL,
  `degree` int(11) DEFAULT NULL,
  `field_of_study` text,
  `created_at` timestamp NOT NULL DEFAULT CURRENT_TIMESTAMP ON UPDATE CURRENT_TIMESTAMP,
  `updated_at` timestamp NOT NULL DEFAULT '0000-00-00 00:00:00',
  `deleted_at` timestamp NOT NULL DEFAULT '0000-00-00 00:00:00',
  PRIMARY KEY (`id`),
  KEY `user_education_user_id_index` (`user_id`)
) ENGINE=InnoDB DEFAULT CHARSET=utf8;
/*!40101 SET character_set_client = @saved_cs_client */;

--
-- Dumping data for table `user_education`
--

LOCK TABLES `user_education` WRITE;
/*!40000 ALTER TABLE `user_education` DISABLE KEYS */;
/*!40000 ALTER TABLE `user_education` ENABLE KEYS */;
UNLOCK TABLES;

--
-- Table structure for table `user_employment`
--

DROP TABLE IF EXISTS `user_employment`;
/*!40101 SET @saved_cs_client     = @@character_set_client */;
/*!40101 SET character_set_client = utf8 */;
CREATE TABLE `user_employment` (
  `id` int(10) unsigned NOT NULL AUTO_INCREMENT,
  `user_id` char(13) NOT NULL,
  `organisation` varchar(200) DEFAULT NULL,
  `employment_position` varchar(200) DEFAULT NULL,
  `website` varchar(200) DEFAULT NULL,
  `employment_date_start` date DEFAULT NULL,
  `employment_date_end` date DEFAULT NULL,
  `description` text,
  `created_at` timestamp NOT NULL DEFAULT CURRENT_TIMESTAMP ON UPDATE CURRENT_TIMESTAMP,
  `updated_at` timestamp NOT NULL DEFAULT '0000-00-00 00:00:00',
  `deleted_at` timestamp NOT NULL DEFAULT '0000-00-00 00:00:00',
  PRIMARY KEY (`id`)
) ENGINE=InnoDB DEFAULT CHARSET=utf8;
/*!40101 SET character_set_client = @saved_cs_client */;

--
-- Dumping data for table `user_employment`
--

LOCK TABLES `user_employment` WRITE;
/*!40000 ALTER TABLE `user_employment` DISABLE KEYS */;
/*!40000 ALTER TABLE `user_employment` ENABLE KEYS */;
UNLOCK TABLES;

--
-- Table structure for table `user_experience`
--

DROP TABLE IF EXISTS `user_experience`;
/*!40101 SET @saved_cs_client     = @@character_set_client */;
/*!40101 SET character_set_client = utf8 */;
CREATE TABLE `user_experience` (
  `user_id` char(13) NOT NULL,
  `cohort` year(4) DEFAULT NULL,
  `school_id` varchar(10) DEFAULT NULL,
  `city_id` int(11) DEFAULT NULL,
  `subject` varchar(255) DEFAULT NULL,
  `position` varchar(256) DEFAULT NULL,
  `area_id` int(11) DEFAULT NULL,
  `municipality_id` int(11) DEFAULT NULL,
  PRIMARY KEY (`user_id`)
) ENGINE=InnoDB DEFAULT CHARSET=utf8;
/*!40101 SET character_set_client = @saved_cs_client */;

--
-- Dumping data for table `user_experience`
--

LOCK TABLES `user_experience` WRITE;
/*!40000 ALTER TABLE `user_experience` DISABLE KEYS */;
INSERT INTO `user_experience` VALUES ('48296cd9beeb5',2011,'1000002',NULL,NULL,NULL,NULL,NULL),('59396cd9beeb5',2011,NULL,NULL,NULL,NULL,NULL,NULL),('59396cd9beeb7',2011,NULL,NULL,NULL,NULL,NULL,NULL),('59396cd9beeb8',2011,NULL,NULL,NULL,NULL,NULL,NULL),('59396cd9beeb9',2011,NULL,NULL,NULL,NULL,NULL,NULL),('59396cd9beeba',2011,NULL,NULL,NULL,NULL,NULL,NULL),('59396cd9beebb',2011,NULL,NULL,NULL,NULL,NULL,NULL),('59396cd9beebc',2011,NULL,NULL,NULL,NULL,NULL,NULL),('59396cd9beebd',2011,NULL,NULL,NULL,NULL,NULL,NULL),('59396cd9beebe',2011,NULL,NULL,NULL,NULL,NULL,NULL),('59396cd9beebf',2011,NULL,NULL,NULL,NULL,NULL,NULL),('59396cd9beec0',2011,NULL,NULL,NULL,NULL,NULL,NULL),('59396cd9beec1',2011,NULL,NULL,NULL,NULL,NULL,NULL),('59396cd9beec2',2011,NULL,NULL,NULL,NULL,NULL,NULL),('59396cd9beec5',2011,NULL,NULL,NULL,NULL,NULL,NULL),('59396cd9beec6',2011,NULL,NULL,NULL,NULL,NULL,NULL),('59396cd9beec7',2011,NULL,NULL,NULL,NULL,NULL,NULL),('59396cd9beec8',2011,NULL,NULL,NULL,NULL,NULL,NULL),('59396cd9beec9',2011,NULL,NULL,NULL,NULL,NULL,NULL),('59396cd9beeca',2012,NULL,NULL,NULL,NULL,NULL,NULL),('59396cd9beecb',2012,NULL,NULL,NULL,NULL,NULL,NULL),('59396cd9beecd',2012,NULL,NULL,NULL,NULL,NULL,NULL),('59396cd9beece',2012,NULL,NULL,NULL,NULL,NULL,NULL),('59396cd9beecf',2012,NULL,NULL,NULL,NULL,NULL,NULL),('59396cd9beed0',2012,NULL,NULL,NULL,NULL,NULL,NULL),('59396cd9beed1',2012,NULL,NULL,NULL,NULL,NULL,NULL),('59396cd9beed2',2012,NULL,NULL,NULL,NULL,NULL,NULL),('59396cd9beed3',2012,NULL,NULL,NULL,NULL,NULL,NULL),('59396cd9beed5',2012,NULL,NULL,NULL,NULL,NULL,NULL),('59396cd9beed6',2012,NULL,NULL,NULL,NULL,NULL,NULL),('59396cd9beed7',2012,NULL,NULL,NULL,NULL,NULL,NULL),('59396cd9beeda',2012,NULL,NULL,NULL,NULL,NULL,NULL),('59396cd9beedb',2012,NULL,NULL,NULL,NULL,NULL,NULL),('59396cd9beedc',2012,NULL,NULL,NULL,NULL,NULL,NULL),('59396cd9beede',2012,NULL,NULL,NULL,NULL,NULL,NULL),('59396cd9beedf',2012,NULL,NULL,NULL,NULL,NULL,NULL),('59396cd9beee0',2012,NULL,NULL,NULL,NULL,NULL,NULL),('59396cd9beee1',2012,NULL,NULL,NULL,NULL,NULL,NULL),('59396cd9beee2',2013,NULL,NULL,NULL,NULL,NULL,NULL),('59396cd9beee3',2013,NULL,NULL,NULL,NULL,NULL,NULL),('59396cd9beee4',2013,NULL,NULL,NULL,NULL,NULL,NULL),('59396cd9beee5',2013,NULL,NULL,NULL,NULL,NULL,NULL),('59396cd9beee6',2013,NULL,NULL,NULL,NULL,NULL,NULL),('59396cd9beee7',2013,NULL,NULL,NULL,NULL,NULL,NULL),('59396cd9beee8',2013,NULL,NULL,NULL,NULL,NULL,NULL),('59396cd9beee9',2013,NULL,NULL,NULL,NULL,NULL,NULL),('59396cd9beeea',2013,NULL,NULL,NULL,NULL,NULL,NULL),('59396cd9beeeb',2013,NULL,NULL,NULL,NULL,NULL,NULL),('59396cd9beeec',2013,NULL,NULL,NULL,NULL,NULL,NULL),('59396cd9beeed',2013,NULL,NULL,NULL,NULL,NULL,NULL),('59396cd9beeef',2013,NULL,NULL,NULL,NULL,NULL,NULL),('59396cd9beef0',2013,NULL,NULL,NULL,NULL,NULL,NULL),('59396cd9beef1',2013,NULL,NULL,NULL,NULL,NULL,NULL),('59396cd9beef2',2013,NULL,NULL,NULL,NULL,NULL,NULL),('59396cd9beef3',2013,NULL,NULL,NULL,NULL,NULL,NULL),('59396cd9beef4',2013,NULL,NULL,NULL,NULL,NULL,NULL),('59396cd9beef5',2013,NULL,NULL,NULL,NULL,NULL,NULL),('59396cd9beef6',2013,NULL,NULL,NULL,NULL,NULL,NULL),('59396cd9beef8',2013,NULL,NULL,NULL,NULL,NULL,NULL),('59396cd9beef9',2013,NULL,NULL,NULL,NULL,NULL,NULL),('59396cd9beefa',2013,NULL,NULL,NULL,NULL,NULL,NULL),('59396cd9beefb',2013,NULL,NULL,NULL,NULL,NULL,NULL),('59396cd9beefc',2013,NULL,NULL,NULL,NULL,NULL,NULL),('59396cd9beefd',2013,NULL,NULL,NULL,NULL,NULL,NULL),('59396cd9beefe',2013,NULL,NULL,NULL,NULL,NULL,NULL),('59396cd9beeff',2013,NULL,NULL,NULL,NULL,NULL,NULL),('59396cd9bef00',2013,NULL,NULL,NULL,NULL,NULL,NULL),('59396cd9bef01',2013,NULL,NULL,NULL,NULL,NULL,NULL),('59396cd9bef02',2013,NULL,NULL,NULL,NULL,NULL,NULL),('59396cd9bef03',2013,NULL,NULL,NULL,NULL,NULL,NULL),('59396cd9bef04',2014,NULL,NULL,NULL,NULL,NULL,NULL),('59396cd9bef05',2014,NULL,NULL,NULL,NULL,NULL,NULL),('59396cd9bef06',2014,NULL,NULL,NULL,NULL,NULL,NULL),('59396cd9bef08',2014,NULL,NULL,NULL,NULL,NULL,NULL),('59396cd9bef09',2014,NULL,NULL,NULL,NULL,NULL,NULL),('59396cd9bef0a',2014,NULL,NULL,NULL,NULL,NULL,NULL),('59396cd9bef0b',2014,NULL,NULL,NULL,NULL,NULL,NULL),('59396cd9bef0c',2014,NULL,NULL,NULL,NULL,NULL,NULL),('59396cd9bef0e',2014,NULL,NULL,NULL,NULL,NULL,NULL),('59396cd9bef0f',2014,NULL,NULL,NULL,NULL,NULL,NULL),('59396cd9bef10',2014,NULL,NULL,NULL,NULL,NULL,NULL),('59396cd9bef11',2014,NULL,NULL,NULL,NULL,NULL,NULL),('59396cd9bef12',2014,NULL,NULL,NULL,NULL,NULL,NULL),('59396cd9bef13',2014,NULL,NULL,NULL,NULL,NULL,NULL),('59396cd9bef14',2014,NULL,NULL,NULL,NULL,NULL,NULL),('59396cd9bef15',2014,NULL,NULL,NULL,NULL,NULL,NULL),('59396cd9bef16',2014,NULL,NULL,NULL,NULL,NULL,NULL),('59396cd9bef17',2014,NULL,NULL,NULL,NULL,NULL,NULL),('59396cd9bef18',2014,NULL,NULL,NULL,NULL,NULL,NULL),('59396cd9bef19',2014,NULL,NULL,NULL,NULL,NULL,NULL),('59396cd9bef1b',2014,NULL,NULL,NULL,NULL,NULL,NULL),('59396cd9bef1c',2014,NULL,NULL,NULL,NULL,NULL,NULL),('59396cd9bef1d',2014,NULL,NULL,NULL,NULL,NULL,NULL),('59396cd9bef1e',2014,NULL,NULL,NULL,NULL,NULL,NULL),('59396cd9bef1f',2014,NULL,NULL,NULL,NULL,NULL,NULL),('59396cd9bef20',2014,NULL,NULL,NULL,NULL,NULL,NULL),('59396cd9bef21',2014,NULL,NULL,NULL,NULL,NULL,NULL),('59396cd9bef22',2014,NULL,NULL,NULL,NULL,NULL,NULL),('59396cd9bef24',2014,NULL,NULL,NULL,NULL,NULL,NULL),('59396cd9bef25',2014,NULL,NULL,NULL,NULL,NULL,NULL),('59396cd9bef26',2014,NULL,NULL,NULL,NULL,NULL,NULL),('59396cd9bef27',2014,NULL,NULL,NULL,NULL,NULL,NULL),('59396cd9bef29',2014,NULL,NULL,NULL,NULL,NULL,NULL),('59396cd9bef2a',2014,NULL,NULL,NULL,NULL,NULL,NULL),('59396cd9bef2b',2014,NULL,NULL,NULL,NULL,NULL,NULL);
/*!40000 ALTER TABLE `user_experience` ENABLE KEYS */;
UNLOCK TABLES;

--
-- Table structure for table `user_type`
--

DROP TABLE IF EXISTS `user_type`;
/*!40101 SET @saved_cs_client     = @@character_set_client */;
/*!40101 SET character_set_client = utf8 */;
CREATE TABLE `user_type` (
  `id` int(10) unsigned NOT NULL AUTO_INCREMENT,
  `title` varchar(255) NOT NULL,
  PRIMARY KEY (`id`)
) ENGINE=InnoDB AUTO_INCREMENT=6 DEFAULT CHARSET=utf8;
/*!40101 SET character_set_client = @saved_cs_client */;

--
-- Dumping data for table `user_type`
--

LOCK TABLES `user_type` WRITE;
/*!40000 ALTER TABLE `user_type` DISABLE KEYS */;
INSERT INTO `user_type` VALUES (1,'Учител'),(2,'Алумни'),(3,'Служител'),(4,'Кординатор'),(5,'Администратор');
/*!40000 ALTER TABLE `user_type` ENABLE KEYS */;
UNLOCK TABLES;

--
-- Table structure for table `users`
--

DROP TABLE IF EXISTS `users`;
/*!40101 SET @saved_cs_client     = @@character_set_client */;
/*!40101 SET character_set_client = utf8 */;
CREATE TABLE `users` (
  `id` char(13) NOT NULL,
  `email` varchar(100) NOT NULL,
  `fname` varchar(100) NOT NULL,
  `lname` varchar(100) NOT NULL,
  `name` varchar(200) NOT NULL,
  `signature` varchar(200) NOT NULL,
  `password` varchar(256) DEFAULT NULL,
  `language` tinyint(1) DEFAULT '1',
  `type` tinyint(4) NOT NULL,
  `position` varchar(200) DEFAULT NULL,
  `picture` text,
  `created_at` timestamp NOT NULL DEFAULT CURRENT_TIMESTAMP ON UPDATE CURRENT_TIMESTAMP,
  `updated_at` timestamp NULL DEFAULT NULL,
  `deleted_at` timestamp NULL DEFAULT NULL,
  PRIMARY KEY (`id`),
  UNIQUE KEY `email` (`email`)
) ENGINE=InnoDB DEFAULT CHARSET=utf8;
/*!40101 SET character_set_client = @saved_cs_client */;

--
-- Dumping data for table `users`
--

LOCK TABLES `users` WRITE;
/*!40000 ALTER TABLE `users` DISABLE KEYS */;
INSERT INTO `users` VALUES ('48296cd9beeb5','demo.teacher_1@zaednovchas.bg','Demo','Teacher','Demo Teacher','DT','123456',1,1,'Учител',NULL,'2017-06-13 04:45:54',NULL,NULL),('59396cd9beeb5','b.radev@zaednovchas.bg','Борис','Радев','Борис Радев','БР','123456',1,2,'алумни',NULL,'2017-06-12 07:59:41',NULL,NULL),('59396cd9beeb7','g.dyankov@zaednovchas.bg','Георги','Дянков','Георги Дянков','ГД',NULL,1,2,'алумни',NULL,'2017-06-08 16:11:29',NULL,NULL),('59396cd9beeb8','g.karaboycheva@zaednovchas.bg','Гергана','Карабойчева','Гергана Карабойчева','ГК',NULL,1,2,'алумни',NULL,'2017-06-08 16:11:29',NULL,NULL),('59396cd9beeb9','d.todorova@zaednovchas.bg','Даниела','Тодорова','Даниела Тодорова','ДТ',NULL,1,2,'алумни',NULL,'2017-06-08 16:11:29',NULL,NULL),('59396cd9beeba','d.petrov@zaednovchas.bg','Деян','Петров','Деян Петров','ДП',NULL,1,2,'алумни',NULL,'2017-06-08 16:11:29',NULL,NULL),('59396cd9beebb','d.paneva@zaednovchas.bg','Донка','Панева','Донка Панева','ДП',NULL,1,2,'алумни',NULL,'2017-06-08 16:11:29',NULL,NULL),('59396cd9beebc','e.zlatareva@zaednovchas.bg','Екатерина','Златарева','Екатерина Златарева','ЕЗ',NULL,1,2,'алумни',NULL,'2017-06-08 16:11:29',NULL,NULL),('59396cd9beebd','e.stateva@zaednovchas.bg','Елена','Статева','Елена Статева','ЕС',NULL,1,2,'алумни',NULL,'2017-06-08 16:11:29',NULL,NULL),('59396cd9beebe','e.kadiyski@zaednovchas.bg','Емилиян','Кадийски','Емилиян Кадийски','ЕК',NULL,1,2,'алумни',NULL,'2017-06-08 16:11:29',NULL,NULL),('59396cd9beebf','i.nenkov@zaednovchas.bg','Ивайло','Ненков','Ивайло Ненков','ИН',NULL,1,2,'алумни',NULL,'2017-06-08 16:11:29',NULL,NULL),('59396cd9beec0','i.pashova@zaednovchas.bg','Ивелина','Пашова','Ивелина Пашова','ИП',NULL,1,2,'алумни',NULL,'2017-06-08 16:11:29',NULL,NULL),('59396cd9beec1','j.dushkova@zaednovchas.bg','Йова','Душкова','Йова Душкова','ЙД',NULL,1,2,'алумни',NULL,'2017-06-08 16:11:29',NULL,NULL),('59396cd9beec2','mary.nikolova@zaednovchas.bg','Марионела','Николова','Марионела Николова','МН',NULL,1,2,'алумни',NULL,'2017-06-08 16:11:29',NULL,NULL),('59396cd9beec5','o.ninova@zaednovchas.bg','Олга','Нинова','Олга Нинова','ОН',NULL,1,2,'алумни',NULL,'2017-06-08 16:12:53',NULL,NULL),('59396cd9beec6','r.marincheva@zaednovchas.bg','Радина','Маринчева','Радина Маринчева','РМ',NULL,1,2,'алумни',NULL,'2017-06-08 16:12:53',NULL,NULL),('59396cd9beec7','s.stefanova@zaednovchas.bg','Силвия','Стефанова','Силвия Стефанова','СС',NULL,1,2,'алумни',NULL,'2017-06-08 16:12:53',NULL,NULL),('59396cd9beec8','s.todorova@zaednovchas.bg','Станимира','Тодорова','Станимира Тодорова','СТ',NULL,1,2,'алумни',NULL,'2017-06-08 16:12:53',NULL,NULL),('59396cd9beec9','t.zareva@zaednovchas.bg','Теодора','Зарева','Теодора Зарева','ТЗ',NULL,1,2,'алумни',NULL,'2017-06-08 16:12:53',NULL,NULL),('59396cd9beeca','a.denyakina@zaednovchas.bg','Альона','Денякина','Альона Денякина','АД',NULL,1,2,'алумни',NULL,'2017-06-08 16:12:53',NULL,NULL),('59396cd9beecb','v.stefanov@zaednovchas.bg','Велизар','Стефанов','Велизар Стефанов','ВС',NULL,1,2,'алумни',NULL,'2017-06-08 16:12:53',NULL,NULL),('59396cd9beecd','v.petrova@zaednovchas.bg','Веселина','Петрова','Веселина Петрова','ВП',NULL,1,2,'алумни',NULL,'2017-06-08 16:13:25',NULL,NULL),('59396cd9beece','v.tzvetkov@zaednovchas.bg','Владимир','Цветков','Владимир Цветков','ВЦ',NULL,1,2,'алумни',NULL,'2017-06-08 16:13:25',NULL,NULL),('59396cd9beecf','dani.n.todorova@zaednovchas.bg','Даниела','Иванова','Даниела Иванова','ДИ',NULL,1,2,'алумни',NULL,'2017-06-08 16:13:25',NULL,NULL),('59396cd9beed0','d.valkanova@zaednovchas.bg','Деница','Вълканова','Деница Вълканова','ДВ',NULL,1,2,'алумни',NULL,'2017-06-08 16:13:25',NULL,NULL),('59396cd9beed1','dim.petrov@zaednovchas.bg','Димитър','Петров','Димитър Петров','ДП',NULL,1,2,'алумни',NULL,'2017-06-08 16:13:25',NULL,NULL),('59396cd9beed2','e.gramenova@zaednovchas.bg','Екатерина','Граменова','Екатерина Граменова','ЕГ',NULL,1,2,'алумни',NULL,'2017-06-08 16:13:25',NULL,NULL),('59396cd9beed3','e.georgiev@zaednovchas.bg','Емануил','Георгиев','Емануил Георгиев','ЕГ',NULL,1,2,'алумни',NULL,'2017-06-08 16:13:25',NULL,NULL),('59396cd9beed5','i.milichina@zaednovchas.bg','Ива','Миличина','Ива Миличина','ИМ',NULL,1,2,'алумни',NULL,'2017-06-08 16:14:07',NULL,NULL),('59396cd9beed6','y.petkova@zaednovchas.bg','Йоанна','Петкова','Йоанна Петкова','ЙП',NULL,1,2,'алумни',NULL,'2017-06-08 16:14:07',NULL,NULL),('59396cd9beed7','l.tsvetkova@zaednovchas.bg','Людмила','Цветкова','Людмила Цветкова','ЛЦ',NULL,1,2,'алумни',NULL,'2017-06-08 16:14:07',NULL,NULL),('59396cd9beeda','n.barbuteva@zaednovchas.bg','Николина','Барбутева','Николина Барбутева','НБ',NULL,1,2,'алумни',NULL,'2017-06-08 16:15:10',NULL,NULL),('59396cd9beedb','p.foteva@zaednovchas.bg','Пламена','Фотева','Пламена Фотева','ПФ',NULL,1,2,'алумни',NULL,'2017-06-08 16:15:10',NULL,NULL),('59396cd9beedc','p.georgieva@zaednovchas.bg','Преслава','Георгиева','Преслава Георгиева','ПГ',NULL,1,2,'алумни',NULL,'2017-06-08 16:15:10',NULL,NULL),('59396cd9beede','r.radeva@zaednovchas.bg','Розалия','Радева','Розалия Радева','РР',NULL,1,2,'алумни',NULL,'2017-06-08 16:15:56',NULL,NULL),('59396cd9beedf','s.rashkov@zaednovchas.bg','Стефан','Рашков','Стефан Рашков','СР',NULL,1,2,'алумни',NULL,'2017-06-08 16:15:56',NULL,NULL),('59396cd9beee0','t.aleksiev@zaednovchas.bg','Тихомир','Алексиев','Тихомир Алексиев','ТА',NULL,1,2,'алумни',NULL,'2017-06-08 16:15:56',NULL,NULL),('59396cd9beee1','j.georgieva@zaednovchas.bg','Юлия','Георгиева','Юлия Георгиева','ЮГ',NULL,1,2,'алумни',NULL,'2017-06-08 16:15:56',NULL,NULL),('59396cd9beee2','a.boeva@zaednovchas.bg','Албена','Боева','Албена Боева','АБ',NULL,1,2,'алумни',NULL,'2017-06-08 16:15:56',NULL,NULL),('59396cd9beee3','a.ivanova@zaednovchas.bg','Александра','Иванова','Александра Иванова','АИ',NULL,1,2,'алумни',NULL,'2017-06-08 16:15:56',NULL,NULL),('59396cd9beee4','b.dimitrova@zaednovchas.bg','Блажка','Димитрова','Блажка Димитрова','БД',NULL,1,2,'алумни',NULL,'2017-06-08 16:15:56',NULL,NULL),('59396cd9beee5','b.daneva@zaednovchas.bg','Борислава','Данева','Борислава Данева','БД',NULL,1,2,'алумни',NULL,'2017-06-08 16:15:56',NULL,NULL),('59396cd9beee6','v.ivanova@zaednovchas.bg','Валерия','Иванова','Валерия Иванова','ВИ',NULL,1,2,'алумни',NULL,'2017-06-08 16:15:56',NULL,NULL),('59396cd9beee7','v.taseva@zaednovchas.bg','Виолета','Тасева','Виолета Тасева','ВТ',NULL,1,2,'алумни',NULL,'2017-06-08 16:15:56',NULL,NULL),('59396cd9beee8','g.gotskov@zaednovchas.bg','Георги','Гоцков','Георги Гоцков','ГГ',NULL,1,2,'алумни',NULL,'2017-06-08 16:15:56',NULL,NULL),('59396cd9beee9','g.kostova@zaednovchas.bg','Гергана','Костова','Гергана Костова','ГК',NULL,1,2,'алумни',NULL,'2017-06-08 16:15:56',NULL,NULL),('59396cd9beeea','e.vasileva@zaednovchas.bg','Екатерина','Василева','Екатерина Василева','ЕВ',NULL,1,2,'алумни',NULL,'2017-06-08 16:15:56',NULL,NULL),('59396cd9beeeb','e.geneva@zaednovchas.bg','Елица','Генева','Елица Генева','ЕГ',NULL,1,2,'алумни',NULL,'2017-06-08 16:15:56',NULL,NULL),('59396cd9beeec','e.milushova@zaednovchas.bg','Елка','Милушова','Елка Милушова','ЕМ',NULL,1,2,'алумни',NULL,'2017-06-08 16:15:56',NULL,NULL),('59396cd9beeed','z.dimitrova@zaednovchas.bg','Златка','Димитрова','Златка Димитрова','ЗД',NULL,1,2,'алумни',NULL,'2017-06-08 16:15:56',NULL,NULL),('59396cd9beeef','i.jordanova@zaednovchas.bg','Иванка','Йорданова','Иванка Йорданова','ИЙ',NULL,1,2,'алумни',NULL,'2017-06-08 16:16:37',NULL,NULL),('59396cd9beef0','y.slavova@zaednovchas.bg','Йоанна','Славова','Йоанна Славова','ЙС',NULL,1,2,'алумни',NULL,'2017-06-08 16:16:37',NULL,NULL),('59396cd9beef1','k.dimitrova@zaednovchas.bg','Катя','Димитрова','Катя Димитрова','КД',NULL,1,2,'алумни',NULL,'2017-06-08 16:16:37',NULL,NULL),('59396cd9beef2','k.rangelova@zaednovchas.bg','Кристина','Рангелова','Кристина Рангелова','КР',NULL,1,2,'алумни',NULL,'2017-06-08 16:16:37',NULL,NULL),('59396cd9beef3','m.ivanova@zaednovchas.bg','Мария','Иванова','Мария Иванова','МИ',NULL,1,2,'алумни',NULL,'2017-06-08 16:16:37',NULL,NULL),('59396cd9beef4','mila.ivanova@zaednovchas.bg','Мила','Иванова','Мила Иванова','МИ',NULL,1,2,'алумни',NULL,'2017-06-08 16:16:37',NULL,NULL),('59396cd9beef5','n.serkova@zaednovchas.bg','Нина','Серкова','Нина Серкова','НС',NULL,1,2,'алумни',NULL,'2017-06-08 16:16:37',NULL,NULL),('59396cd9beef6','p.panayotov@zaednovchas.bg','Панайот','Панайотов','Панайот Панайотов','ПП',NULL,1,2,'алумни',NULL,'2017-06-08 16:16:37',NULL,NULL),('59396cd9beef8','p.danin@zaednovchas.bg','Петър','Данин','Петър Данин','ПД',NULL,1,2,'алумни',NULL,'2017-06-08 16:17:03',NULL,NULL),('59396cd9beef9','r.koceva@zaednovchas.bg','Ралица','Коцева','Ралица Коцева','РК',NULL,1,2,'алумни',NULL,'2017-06-08 16:17:03',NULL,NULL),('59396cd9beefa','r.evlogieva@zaednovchas.bg','Росица','Евлогиева','Росица Евлогиева','РЕ',NULL,1,2,'алумни',NULL,'2017-06-08 16:17:03',NULL,NULL),('59396cd9beefb','s.dimitrov@zaednovchas.bg','Сава','Димитров','Сава Димитров','СД',NULL,1,2,'алумни',NULL,'2017-06-08 16:17:03',NULL,NULL),('59396cd9beefc','s.paskova@zaednovchas.bg','Станимира','Паскова','Станимира Паскова','СП',NULL,1,2,'алумни',NULL,'2017-06-08 16:17:03',NULL,NULL),('59396cd9beefd','s.bazitova@zaednovchas.bg','Станислава','Базитова','Станислава Базитова','СБ',NULL,1,2,'алумни',NULL,'2017-06-08 16:17:03',NULL,NULL),('59396cd9beefe','s.lazarov@zaednovchas.bg','Стефан','Лазаров','Стефан Лазаров','СЛ',NULL,1,2,'алумни',NULL,'2017-06-08 16:17:03',NULL,NULL),('59396cd9beeff','f.zeuh@zaednovchas.bg','Фелисите','Зьо','Фелисите Зьо','ФЗ',NULL,1,2,'алумни',NULL,'2017-06-08 16:17:03',NULL,NULL),('59396cd9bef00','f.lyapov@zaednovchas.bg','Филип','Ляпов','Филип Ляпов','ФЛ',NULL,1,2,'алумни',NULL,'2017-06-08 16:17:03',NULL,NULL),('59396cd9bef01','ts.antonova@zaednovchas.bg','Цветомира','Антонова','Цветомира Антонова','ЦА',NULL,1,2,'алумни',NULL,'2017-06-08 16:17:03',NULL,NULL),('59396cd9bef02','tz.tzvetanova@zaednovchas.bg','Цветомира','Цветанова','Цветомира Цветанова','ЦЦ',NULL,1,2,'алумни',NULL,'2017-06-08 16:17:03',NULL,NULL),('59396cd9bef03','j.mishkova@zaednovchas.bg','Юлия','Мишкова','Юлия Мишкова','ЮМ',NULL,1,2,'алумни',NULL,'2017-06-08 16:17:03',NULL,NULL),('59396cd9bef04','a.ivanov@zaednovchas.bg','Александър','Иванов','Александър Иванов','АИ',NULL,1,2,'алумни',NULL,'2017-06-08 16:17:03',NULL,NULL),('59396cd9bef05','a.ilieva@zaednovchas.bg','Ангелина','Илиева','Ангелина Илиева','АИ',NULL,1,2,'алумни',NULL,'2017-06-08 16:17:03',NULL,NULL),('59396cd9bef06','b.todorova@zaednovchas.bg','Борислава','Тодорова','Борислава Тодорова','БТ',NULL,1,2,'алумни',NULL,'2017-06-08 16:17:03',NULL,NULL),('59396cd9bef08','v.zvezdelinova@zaednovchas.bg','Весела','Звезделинова','Весела Звезделинова','ВЗ',NULL,1,2,'алумни',NULL,'2017-06-08 16:17:34',NULL,NULL),('59396cd9bef09','vladimir.stefanov@zaednovchas.bg','Владимир','Стефанов','Владимир Стефанов','ВС',NULL,1,2,'алумни',NULL,'2017-06-08 16:17:34',NULL,NULL),('59396cd9bef0a','g.mishev@zaednovchas.bg','Георги','Мишев','Георги Мишев','ГМ',NULL,1,2,'алумни',NULL,'2017-06-08 16:17:34',NULL,NULL),('59396cd9bef0b','g.zhelyazkov@zaednovchas.bg','Георги','Желязков','Георги Желязков','ГЖ',NULL,1,2,'алумни',NULL,'2017-06-08 16:17:34',NULL,NULL),('59396cd9bef0c','desislava.todorova@zaednovchas.bg','Десислава','Тодорова','Десислава Тодорова','ДТ',NULL,1,2,'алумни',NULL,'2017-06-08 16:17:34',NULL,NULL),('59396cd9bef0e','e.dimitrov@zaednovchas.bg','Евгений','Димитров','Евгений Димитров','ЕД',NULL,1,2,'алумни',NULL,'2017-06-08 16:18:39',NULL,NULL),('59396cd9bef0f','i.atanasov@zaednovchas.bg','Ивайло','Атанасов','Ивайло Атанасов','ИА',NULL,1,2,'алумни',NULL,'2017-06-08 16:18:39',NULL,NULL),('59396cd9bef10','i.miglenov@zaednovchas.bg','Иван','Мигленов','Иван Мигленов','ИМ',NULL,1,2,'алумни',NULL,'2017-06-08 16:18:39',NULL,NULL),('59396cd9bef11','i.gospodinov@zaednovchas.bg','Иван','Господинов','Иван Господинов','ИГ',NULL,1,2,'алумни',NULL,'2017-06-08 16:18:39',NULL,NULL),('59396cd9bef12','yoana.georgieva@zaednovchas.bg','Йоана','Георгиева','Йоана Георгиева','ЙГ',NULL,1,2,'алумни',NULL,'2017-06-08 16:18:39',NULL,NULL),('59396cd9bef13','y.demirov@zaednovchas.bg','Йордан','Демиров','Йордан Демиров','ЙД',NULL,1,2,'алумни',NULL,'2017-06-08 16:18:39',NULL,NULL),('59396cd9bef14','j.hodjev@zaednovchas.bg','Йордан','Ходжев','Йордан Ходжев','ЙХ',NULL,1,2,'алумни',NULL,'2017-06-08 16:18:39',NULL,NULL),('59396cd9bef15','y.georgieva@zaednovchas.bg','Йорданка','Георгиева','Йорданка Георгиева','ЙГ',NULL,1,2,'алумни',NULL,'2017-06-08 16:18:39',NULL,NULL),('59396cd9bef16','k.gogova@zaednovchas.bg','Катя','Гогова','Катя Гогова','КГ',NULL,1,2,'алумни',NULL,'2017-06-08 16:18:39',NULL,NULL),('59396cd9bef17','k.gluzova@zaednovchas.bg','Кристиана','Глузова','Кристиана Глузова','КГ',NULL,1,2,'алумни',NULL,'2017-06-08 16:18:39',NULL,NULL),('59396cd9bef18','m.peeva@zaednovchas.bg','Маргарита','Пеева','Маргарита Пеева','МП',NULL,1,2,'алумни',NULL,'2017-06-08 16:18:39',NULL,NULL),('59396cd9bef19','m.karaivanova@zaednovchas.bg','Мария','Караиванова','Мария Караиванова','МК',NULL,1,2,'алумни',NULL,'2017-06-08 16:18:39',NULL,NULL),('59396cd9bef1b','m.petkov@zaednovchas.bg','Минчо','Петков','Минчо Петков','МП',NULL,1,2,'алумни',NULL,'2017-06-08 16:19:15',NULL,NULL),('59396cd9bef1c','n.istiliyanova@zaednovchas.bg','Никол','Истилиянова','Никол Истилиянова','НИ',NULL,1,2,'алумни',NULL,'2017-06-08 16:19:15',NULL,NULL),('59396cd9bef1d','p.anignostova@zaednovchas.bg','Пепа','Анигностова','Пепа Анигностова','ПА',NULL,1,2,'алумни',NULL,'2017-06-08 16:19:15',NULL,NULL),('59396cd9bef1e','p.kanchev@zaednovchas.bg','Петър','Кънчев','Петър Кънчев','ПК',NULL,1,2,'алумни',NULL,'2017-06-08 16:19:15',NULL,NULL),('59396cd9bef1f','p.velkov@zaednovchas.bg','Петър','Велков','Петър Велков','ПВ',NULL,1,2,'алумни',NULL,'2017-06-08 16:19:15',NULL,NULL),('59396cd9bef20','p.jeleva@zaednovchas.bg','Петя','Желева','Петя Желева','ПЖ',NULL,1,2,'алумни',NULL,'2017-06-08 16:19:15',NULL,NULL),('59396cd9bef21','p.daneva@zaednovchas.bg','Петя','Данева','Петя Данева','ПД',NULL,1,2,'алумни',NULL,'2017-06-08 16:19:15',NULL,NULL),('59396cd9bef22','r.ibisheva@zaednovchas.bg','Радка','Ибишева','Радка Ибишева','РИ',NULL,1,2,'алумни',NULL,'2017-06-08 16:19:15',NULL,NULL),('59396cd9bef24','r.petkova@zaednovchas.bg','Ралица','Петкова','Ралица Петкова','РП',NULL,1,2,'алумни',NULL,'2017-06-08 16:19:53',NULL,NULL),('59396cd9bef25','s.iliev@zaednovchas.bg','Светлин','Илиев','Светлин Илиев','СИ',NULL,1,2,'алумни',NULL,'2017-06-08 16:19:53',NULL,NULL),('59396cd9bef26','s.bogdanova@zaednovchas.bg','Силвия','Богданова','Силвия Богданова','СБ',NULL,1,2,'алумни',NULL,'2017-06-08 16:19:53',NULL,NULL),('59396cd9bef27','s.ilieva@zaednovchas.bg','Стела','Илиева','Стела Илиева','СИ',NULL,1,2,'алумни',NULL,'2017-06-08 16:19:53',NULL,NULL),('59396cd9bef29','t.naneva@zaednovchas.bg','Тихомира','Нанева','Тихомира Нанева','ТН',NULL,1,2,'алумни',NULL,'2017-06-08 16:20:20',NULL,NULL),('59396cd9bef2a','t.rashkov@zaednovchas.bg','Томислав','Рашков','Томислав Рашков','ТР',NULL,1,2,'алумни',NULL,'2017-06-08 16:20:21',NULL,NULL),('59396cd9bef2b','y.doseva@zaednovchas.bg','Яна','Досева','Яна Досева','ЯД',NULL,1,2,'алумни',NULL,'2017-06-08 16:20:21',NULL,NULL),('593976dfe2065','a.angelova@zaednovchas.bg','Александра','Ангелова','Александра Ангелова','АА',NULL,1,3,'служител',NULL,'2017-06-08 16:10:18',NULL,NULL),('593976dfe2066','a.yankulova@zaednovchas.bg','Александрина','Янкулова','Александрина Янкулова','АЯ',NULL,1,3,'служител',NULL,'2017-06-08 16:10:18',NULL,NULL),('593976dfe2067','a.deyanska@zaednovchas.bg','Анжела','Деянска','Анжела Деянска','АД',NULL,1,3,'служител',NULL,'2017-06-08 16:10:18',NULL,NULL),('593976dfe2068','b.radeva@zaednovchas.bg','Бояна','Радева','Бояна Радева','БР',NULL,1,3,'служител',NULL,'2017-06-08 16:10:18',NULL,NULL),('593976dfe2069','v.romanova@zaednovchas.bg','Велислава','Романова','Велислава Романова','ВР',NULL,1,3,'служител',NULL,'2017-06-08 16:10:18',NULL,NULL),('593976dfe206a','v.zarkova@zaednovchas.bg','Весела','Заркова','Весела Заркова','ВЗ',NULL,1,3,'служител',NULL,'2017-06-08 16:10:18',NULL,NULL),('593976dfe206b','g.efremova@zaednovchas.bg','Гергана','Ефремова','Гергана Ефремова','ГЕ',NULL,1,3,'служител',NULL,'2017-06-08 16:10:18',NULL,NULL),('593976dfe206c','d.y.todorova@zaednovchas.bg','Деница','Тодорова','Деница Тодорова','ДТ',NULL,1,3,'служител',NULL,'2017-06-08 16:10:18',NULL,NULL),('593976dfe206d','d.stoyanova@zaednovchas.bg','Десислава','Стоянова','Десислава Стоянова','ДС',NULL,1,3,'служител',NULL,'2017-06-08 16:10:18',NULL,NULL),('593976dfe206e','j.warner@zaednovchas.bg','Джефри','Уорнер','Джефри Уорнер','ДУ',NULL,1,3,'служител',NULL,'2017-06-08 16:10:18',NULL,NULL),('593976dfe206f','e.peeva@zaednovchas.bg','Евгения','Пеева-Кирова','Евгения Пеева-Кирова','ЕП',NULL,1,3,'служител',NULL,'2017-06-08 16:10:18',NULL,NULL),('593976dfe2070','e.yankova@zaednovchas.bg','Екатерина','Янкова','Екатерина Янкова','ЕЯ',NULL,1,3,'служител',NULL,'2017-06-08 16:10:18',NULL,NULL),('593976dfe2071','e.yordanova@zaednovchas.bg','Елена','Йорданова','Елена Йорданова','ЕЙ',NULL,1,3,'служител',NULL,'2017-06-08 16:10:18',NULL,NULL),('593976dfe2072','e.radeva@zaednovchas.bg','Елена','Радева','Елена Радева','ЕР',NULL,1,3,'служител',NULL,'2017-06-08 16:10:18',NULL,NULL),('593976dfe2073','e.simidchieva@zaednovchas.bg','Емилия','Симидчиева','Емилия Симидчиева','ЕС',NULL,1,3,'служител',NULL,'2017-06-08 16:10:18',NULL,NULL),('593976dfe2074','j.misirian@zaednovchas.bg','Жаклин','Мисирян','Жаклин Мисирян','ЖМ',NULL,1,3,'служител',NULL,'2017-06-08 16:10:18',NULL,NULL),('593976dfe2075','i.petrov@zaednovchas.bg','Иван','Петров','Иван Петров','ИП',NULL,1,3,'служител',NULL,'2017-06-08 16:10:18',NULL,NULL),('593976dfe2076','i.stoyanova@zaednovchas.bg','Ина','Стоянова','Ина Стоянова','ИС',NULL,1,3,'служител',NULL,'2017-06-08 16:10:18',NULL,NULL),('593976dfe2077','l.yordanova@zaednovchas.bg','Люба','Йорданова','Люба Йорданова','ЛЙ',NULL,1,3,'служител',NULL,'2017-06-08 16:10:18',NULL,NULL),('593976dfe2078','m.sendova@zaednovchas.bg','Мария','Сендова','Мария Сендова','МС',NULL,1,3,'служител',NULL,'2017-06-08 16:10:18',NULL,NULL),('593976dfe2079','m.rankov@zaednovchas.bg','Мариян','Ранков','Мариян Ранков','МР',NULL,1,3,'служител',NULL,'2017-06-08 16:10:18',NULL,NULL),('593976dfe207a','m.stoyanova@zaednovchas.bg','Мая','Стоянова-Уорнер','Мая Стоянова-Уорнер','МС',NULL,1,3,'служител',NULL,'2017-06-08 16:10:18',NULL,NULL),('593976dfe207b','m.dimitrova@zaednovchas.bg','Милена','Димитрова','Милена Димитрова','МД',NULL,1,3,'служител',NULL,'2017-06-08 16:10:18',NULL,NULL),('593976dfe207c','m.petrova@zaednovchas.bg','Мирена','Петрова','Мирена Петрова','МП',NULL,1,3,'служител',NULL,'2017-06-08 16:10:18',NULL,NULL),('593976dfe207d','n.gacheva@zaednovchas.bg','Нели','Гачева','Нели Гачева','НГ',NULL,1,3,'служител',NULL,'2017-06-08 16:10:18',NULL,NULL),('593976dfe207e','n.koleva@zaednovchas.bg','Нели','Колева','Нели Колева','НК',NULL,1,3,'служител',NULL,'2017-06-08 16:10:18',NULL,NULL),('593976dfe207f','n.kocheva@zaednovchas.bg','Нели','Кочева','Нели Кочева','НК',NULL,1,3,'служител',NULL,'2017-06-08 16:10:18',NULL,NULL),('593976dfe2080','p.radoslavova@zaednovchas.bg','Павлина','Славкова','Павлина Славкова','ПС',NULL,1,3,'служител',NULL,'2017-06-08 16:10:18',NULL,NULL),('593976dfe2081','p.ivanov@zaednovchas.bg','Петко','Иванов','Петко Иванов','ПИ',NULL,1,3,'служител',NULL,'2017-06-08 16:10:18',NULL,NULL),('593976dfe2082','p.proykov@zaednovchas.bg','Петър','Пройков','Петър Пройков','ПП',NULL,1,3,'служител',NULL,'2017-06-08 16:10:18',NULL,NULL),('593976dfe2083','r.boycheva@zaednovchas.bg','Радостина','Бойчева','Радостина Бойчева','РБ',NULL,1,3,'служител',NULL,'2017-06-08 16:10:18',NULL,NULL),('593976dfe2084','r.bogdanova@zaednovchas.bg','Ренета','Богданова','Ренета Богданова','РБ',NULL,1,3,'служител',NULL,'2017-06-08 16:10:18',NULL,NULL),('593976dfe2085','s.nesheva@zaednovchas.bg','Силвия','Нешева','Силвия Нешева','СН',NULL,1,3,'служител',NULL,'2017-06-08 16:10:18',NULL,NULL),('593976dfe2086','t.vavova@zaednovchas.bg','Теодора','Вавова','Теодора Вавова','ТВ',NULL,1,3,'служител',NULL,'2017-06-08 16:10:18',NULL,NULL),('593976dfe2087','t.trayanov@zaednovchas.bg','Траян','Траянов','Траян Траянов','ТТ',NULL,1,3,'служител',NULL,'2017-06-08 16:10:19',NULL,NULL);
/*!40000 ALTER TABLE `users` ENABLE KEYS */;
UNLOCK TABLES;
/*!40103 SET TIME_ZONE=@OLD_TIME_ZONE */;

/*!40101 SET SQL_MODE=@OLD_SQL_MODE */;
/*!40014 SET FOREIGN_KEY_CHECKS=@OLD_FOREIGN_KEY_CHECKS */;
/*!40014 SET UNIQUE_CHECKS=@OLD_UNIQUE_CHECKS */;
/*!40101 SET CHARACTER_SET_CLIENT=@OLD_CHARACTER_SET_CLIENT */;
/*!40101 SET CHARACTER_SET_RESULTS=@OLD_CHARACTER_SET_RESULTS */;
/*!40101 SET COLLATION_CONNECTION=@OLD_COLLATION_CONNECTION */;
/*!40111 SET SQL_NOTES=@OLD_SQL_NOTES */;

-- Dump completed on 2017-06-18 17:51:40
